id,text_id,textsize,treesize,constr_time,peak_mem,access_avg,constr_time_rs,treesize_rs,rank_avg,select_avg,s,t,l,result
13,/workspace/dmeyer/data/world_leaders,46968181,0,911,0,818.209,911,0,723.662,1370.43,1,1,0,25036252518864
13,/workspace/dmeyer/data/world_leaders,46968181,0,907,0,881.061,907,0,679.038,1383.57,1,2,0,25036252518864
8,/workspace/dmeyer/data/world_leaders,46968181,10988385,5336,1127236344,70.2088,8096,28347309,149.237,567.693,1,16,16,25036252518864
1,/workspace/dmeyer/data/world_leaders,46968181,10978784,5863,1127236344,89.5601,8592,27676150,169.025,542.034,1,16,16,25036252518864
4,/workspace/dmeyer/data/world_leaders,46968181,10980845,5519,1127236344,69.6814,8235,28423737,150.567,560.523,1,16,16,25036252518864
5,/workspace/dmeyer/data/world_leaders,46968181,10980845,5361,1127236344,69.5938,8074,28423737,150.922,562.001,1,16,16,25036252518864
7,/workspace/dmeyer/data/world_leaders,46968181,16854106,5378,1127236344,85.4453,8177,34555272,164.943,551.607,1,16,16,25036252518864
6,/workspace/dmeyer/data/world_leaders,46968181,16854231,5379,1127236344,70.8392,8168,35283739,143.105,571.731,1,16,16,25036252518864
0,/workspace/dmeyer/data/world_leaders,46968181,9659829,21840,9884148,115.414,102184,62667848,190.602,558.075,1,16,16,25036204561170
9,/workspace/dmeyer/data/world_leaders,46968181,10978784,20281,1127236344,81.3828,22975,27676150,167.791,545.807,1,16,16,25036252518864
12,/workspace/dmeyer/data/world_leaders,46968181,16854106,14572,1127236344,82.8157,17407,34555272,160.544,557.33,1,16,16,25036252518864
8,/workspace/dmeyer/data/world_leaders,46968181,3659296,5313,1127236344,120.55,20948,66770774,206.284,585.782,1,16,8,25036252518864
1,/workspace/dmeyer/data/world_leaders,46968181,3663327,5936,1127236344,139.331,21603,66185631,228.653,562.127,1,16,8,25036252518864
4,/workspace/dmeyer/data/world_leaders,46968181,3664136,5607,1127236344,120.755,21303,66939118,206,587.07,1,16,8,25036252518864
5,/workspace/dmeyer/data/world_leaders,46968181,3664136,5642,1127236344,119.972,21340,66939118,207.007,593.153,1,16,8,25036252518864
7,/workspace/dmeyer/data/world_leaders,46968181,5461215,5391,1127236344,138.181,26593,94396751,231.249,577.071,1,16,8,25036252518864
6,/workspace/dmeyer/data/world_leaders,46968181,5461340,5393,1127236344,122.529,26586,95125218,201.54,607.922,1,16,8,25036252518864
0,/workspace/dmeyer/data/world_leaders,46968181,6624677,22867,13425732,120.381,131772,75097592,188.726,591.716,1,16,8,25036204561170
9,/workspace/dmeyer/data/world_leaders,46968181,3663327,23470,1127236344,131.5,39169,66185631,224.64,563.732,1,16,8,25036252518864
12,/workspace/dmeyer/data/world_leaders,46968181,5461215,18003,1127236344,132.501,39258,94396751,225.925,585.513,1,16,8,25036252518864
8,/workspace/dmeyer/data/world_leaders,46968181,3659296,5295,1127236344,123.187,20936,66770774,210.918,594.066,1,16,4,25036252518864
1,/workspace/dmeyer/data/world_leaders,46968181,3663327,5846,1127236344,138.924,21540,66185631,228.018,560.294,1,16,4,25036252518864
4,/workspace/dmeyer/data/world_leaders,46968181,3664136,5565,1127236344,121.03,21266,66939118,204.936,598.107,1,16,4,25036252518864
5,/workspace/dmeyer/data/world_leaders,46968181,3664136,5612,1127236344,119.938,21359,66939118,209.406,583.814,1,16,4,25036252518864
7,/workspace/dmeyer/data/world_leaders,46968181,5461215,5291,1127236344,136.367,26476,94396751,225.772,576.861,1,16,4,25036252518864
6,/workspace/dmeyer/data/world_leaders,46968181,5461340,5287,1127236344,123.712,26551,95125218,199.126,611.309,1,16,4,25036252518864
0,/workspace/dmeyer/data/world_leaders,46968181,4635598,23076,17138160,147.582,170042,87999980,221.92,633.174,1,16,4,25036204561170
9,/workspace/dmeyer/data/world_leaders,46968181,3663327,23537,1127236344,131.158,39191,66185631,222.579,562.646,1,16,4,25036252518864
12,/workspace/dmeyer/data/world_leaders,46968181,5461215,17957,1127236344,130.299,39135,94396751,226.052,581.85,1,16,4,25036252518864
8,/workspace/dmeyer/data/world_leaders,46968181,4781228,5074,1127236344,89.9144,11953,43324912,151.064,611.457,1,8,16,25036252518864
1,/workspace/dmeyer/data/world_leaders,46968181,4685140,5779,1127236344,137.718,12145,32818742,221.516,525.077,1,8,16,25036252518864
4,/workspace/dmeyer/data/world_leaders,46968181,4777497,5476,1127236344,89.8292,12324,43426525,149.921,606.582,1,8,16,25036252518864
5,/workspace/dmeyer/data/world_leaders,46968181,4777497,5154,1127236344,89.8348,12002,43426525,149.757,606.123,1,8,16,25036252518864
7,/workspace/dmeyer/data/world_leaders,46968181,7610733,5137,1127236344,117.631,13270,46751125,191.401,541.687,1,8,16,25036252518864
6,/workspace/dmeyer/data/world_leaders,46968181,7633029,5121,1127236344,85.8306,13446,55431017,140.437,615.748,1,8,16,25036252518864
0,/workspace/dmeyer/data/world_leaders,46968181,6289950,27330,7671684,144.526,94941,49076436,232.696,551.841,1,8,16,25036204561170
9,/workspace/dmeyer/data/world_leaders,46968181,4685140,28146,1127236344,128.459,34498,32818742,218.012,519.937,1,8,16,25036252518864
12,/workspace/dmeyer/data/world_leaders,46968181,7610733,20388,1127236344,113.382,28526,46751125,187.9,541.546,1,8,16,25036252518864
8,/workspace/dmeyer/data/world_leaders,46968181,4781228,5078,1127236344,89.3972,11900,43324912,151.001,596.386,1,8,8,25036252518864
1,/workspace/dmeyer/data/world_leaders,46968181,4685140,5776,1127236344,136.631,12127,32818742,218.734,519.932,1,8,8,25036252518864
4,/workspace/dmeyer/data/world_leaders,46968181,4777497,5282,1127236344,89.5556,12159,43426525,150.435,591.131,1,8,8,25036252518864
5,/workspace/dmeyer/data/world_leaders,46968181,4777497,5169,1127236344,89.551,12035,43426525,149.781,590.698,1,8,8,25036252518864
7,/workspace/dmeyer/data/world_leaders,46968181,7610733,5141,1127236344,116.841,13283,46751125,191.546,538.889,1,8,8,25036252518864
6,/workspace/dmeyer/data/world_leaders,46968181,7633029,5131,1127236344,84.9642,13450,55431017,139.77,611.554,1,8,8,25036252518864
0,/workspace/dmeyer/data/world_leaders,46968181,4203551,28099,9906528,173.05,123025,57542536,267.201,614.565,1,8,8,25036204561170
9,/workspace/dmeyer/data/world_leaders,46968181,4685140,28191,1127236344,130.621,34549,32818742,218.871,523.386,1,8,8,25036252518864
12,/workspace/dmeyer/data/world_leaders,46968181,7610733,20339,1127236344,114.176,28520,46751125,192.273,541.206,1,8,8,25036252518864
8,/workspace/dmeyer/data/world_leaders,46968181,2746814,5184,1127236344,134.442,21103,67088380,224.899,721.13,1,8,4,25036252518864
1,/workspace/dmeyer/data/world_leaders,46968181,2671719,6010,1127236344,181.727,21684,56583939,300.879,640.016,1,8,4,25036252518864
4,/workspace/dmeyer/data/world_leaders,46968181,2752227,5502,1127236344,133.481,21493,67304977,224.156,722.294,1,8,4,25036252518864
5,/workspace/dmeyer/data/world_leaders,46968181,2752227,5790,1127236344,133.86,21773,67304977,224.611,719.171,1,8,4,25036252518864
7,/workspace/dmeyer/data/world_leaders,46968181,4366880,5294,1127236344,163.87,27608,86135594,273.725,656.525,1,8,4,25036252518864
6,/workspace/dmeyer/data/world_leaders,46968181,4389176,5276,1127236344,133.069,27193,94815486,219.89,738.788,1,8,4,25036252518864
0,/workspace/dmeyer/data/world_leaders,46968181,3224623,28583,12953232,181.68,158780,67475984,273.718,654.904,1,8,4,25036204561170
9,/workspace/dmeyer/data/world_leaders,46968181,2671719,30656,1127236344,172.601,46371,56583939,301.731,647.034,1,8,4,25036252518864
12,/workspace/dmeyer/data/world_leaders,46968181,4366880,22859,1127236344,163.89,45192,86135594,268.484,672.573,1,8,4,25036252518864
8,/workspace/dmeyer/data/world_leaders,46968181,4319601,5082,1127236344,116.367,9894,31766431,178.653,594.333,1,4,16,25036252518864
1,/workspace/dmeyer/data/world_leaders,46968181,4265864,5980,1127236344,175.14,10789,27362422,274.752,588.897,1,4,16,25036252518864
4,/workspace/dmeyer/data/world_leaders,46968181,4300740,5345,1127236344,116.643,10191,31971978,179.737,602.524,1,4,16,25036252518864
5,/workspace/dmeyer/data/world_leaders,46968181,4300740,5166,1127236344,116.012,10021,31971978,180.159,603.764,1,4,16,25036252518864
7,/workspace/dmeyer/data/world_leaders,46968181,7322227,5119,1127236344,147.068,11404,40304159,242.55,590.701,1,4,16,25036252518864
6,/workspace/dmeyer/data/world_leaders,46968181,7330687,5119,1127236344,105.303,11129,43927173,166.551,606.398,1,4,16,25036252518864
0,/workspace/dmeyer/data/world_leaders,46968181,3810689,38541,6369024,223.119,106483,40129664,355.159,661.44,1,4,16,25036204561170
9,/workspace/dmeyer/data/world_leaders,46968181,4265864,39593,1127236344,166.076,44400,27362422,271.868,587.467,1,4,16,25036252518864
12,/workspace/dmeyer/data/world_leaders,46968181,7322227,28140,1127236344,140.586,34394,40304159,234.047,591.759,1,4,16,25036252518864
8,/workspace/dmeyer/data/world_leaders,46968181,2344041,5109,1127236344,153.828,14695,41738249,245.931,690.268,1,4,8,25036252518864
1,/workspace/dmeyer/data/world_leaders,46968181,2310028,6092,1127236344,214.537,15848,37429004,342.366,681.944,1,4,8,25036252518864
4,/workspace/dmeyer/data/world_leaders,46968181,2342033,5453,1127236344,154.81,15123,42044369,246.302,696.675,1,4,8,25036252518864
5,/workspace/dmeyer/data/world_leaders,46968181,2342033,5312,1127236344,153.123,14986,42044369,245.457,693.719,1,4,8,25036252518864
7,/workspace/dmeyer/data/world_leaders,46968181,3888640,5177,1127236344,184.853,19292,57944030,315.72,681.543,1,4,8,25036252518864
6,/workspace/dmeyer/data/world_leaders,46968181,3897100,5173,1127236344,142.04,18631,61567044,237.363,708.471,1,4,8,25036252518864
0,/workspace/dmeyer/data/world_leaders,46968181,2743409,38777,8289360,231.007,131904,46618984,357.079,683.231,1,4,8,25036204561170
9,/workspace/dmeyer/data/world_leaders,46968181,2310028,41310,1127236344,203.681,51076,37429004,343.956,665.752,1,4,8,25036252518864
12,/workspace/dmeyer/data/world_leaders,46968181,3888640,29847,1127236344,178.715,43931,57944030,308.444,688.498,1,4,8,25036252518864
8,/workspace/dmeyer/data/world_leaders,46968181,2344041,5063,1127236344,154.063,14643,41738249,246.334,681.414,1,4,4,25036252518864
1,/workspace/dmeyer/data/world_leaders,46968181,2310028,6023,1127236344,214.283,15772,37429004,344.801,666.915,1,4,4,25036252518864
4,/workspace/dmeyer/data/world_leaders,46968181,2342033,5472,1127236344,154.692,15160,42044369,244.989,683.56,1,4,4,25036252518864
5,/workspace/dmeyer/data/world_leaders,46968181,2342033,5333,1127236344,152.378,15002,42044369,246.004,680.924,1,4,4,25036252518864
7,/workspace/dmeyer/data/world_leaders,46968181,3888640,5243,1127236344,183.362,19369,57944030,318.361,676.93,1,4,4,25036252518864
6,/workspace/dmeyer/data/world_leaders,46968181,3897100,5124,1127236344,141.48,18595,61567044,236.391,692.721,1,4,4,25036252518864
0,/workspace/dmeyer/data/world_leaders,46968181,2162650,39662,10351176,262.809,162371,53737084,399.684,769.394,1,4,4,25036204561170
9,/workspace/dmeyer/data/world_leaders,46968181,2310028,41585,1127236344,204.593,51353,37429004,337.717,673.601,1,4,4,25036252518864
12,/workspace/dmeyer/data/world_leaders,46968181,3888640,30068,1127236344,180.307,44166,57944030,309.212,689.582,1,4,4,25036252518864
8,/workspace/dmeyer/data/world_leaders,46968181,2736124,5072,1127236344,164.678,12969,40462558,250.078,755.706,1,2,16,25036252518864
1,/workspace/dmeyer/data/world_leaders,46968181,2584450,6779,1127236344,303.066,13671,30619878,464.871,843.608,1,2,16,25036252518864
4,/workspace/dmeyer/data/world_leaders,46968181,2709236,5435,1127236344,166.103,13467,40831958,251.198,760.91,1,2,16,25036252518864
5,/workspace/dmeyer/data/world_leaders,46968181,2709236,5230,1127236344,164.421,13256,40831958,251.741,760.726,1,2,16,25036252518864
7,/workspace/dmeyer/data/world_leaders,46968181,4690307,5121,1127236344,260.944,14971,48957149,429.433,843.518,1,2,16,25036252518864
6,/workspace/dmeyer/data/world_leaders,46968181,4742507,5139,1127236344,150.352,14910,55580301,232.841,786.649,1,2,16,25036252518864
0,/workspace/dmeyer/data/world_leaders,46968181,2340832,70881,6934632,403.389,154609,36455572,630.992,920.636,1,2,16,25036204561170
9,/workspace/dmeyer/data/world_leaders,46968181,2584450,76078,1127236344,293.179,82967,30619878,466.421,849.08,1,2,16,25036252518864
12,/workspace/dmeyer/data/world_leaders,46968181,4690307,53599,1127236344,255.704,63522,48957149,437.242,854.769,1,2,16,25036252518864
8,/workspace/dmeyer/data/world_leaders,46968181,2040157,5056,1127236344,194.32,15892,44903353,305.955,833.764,1,2,8,25036252518864
1,/workspace/dmeyer/data/world_leaders,46968181,1904916,6781,1127236344,337.028,16361,35206426,525.284,923.26,1,2,8,25036252518864
4,/workspace/dmeyer/data/world_leaders,46968181,2029502,5460,1127236344,193.166,16487,45415786,304.934,848.167,1,2,8,25036252518864
5,/workspace/dmeyer/data/world_leaders,46968181,2029502,5272,1127236344,193.457,16302,45415786,304.668,847.925,1,2,8,25036252518864
7,/workspace/dmeyer/data/world_leaders,46968181,3454190,5111,1127236344,288.55,19318,57142242,500.02,922.138,1,2,8,25036252518864
6,/workspace/dmeyer/data/world_leaders,46968181,3506390,5096,1127236344,177.71,19325,63765394,290.205,852.206,1,2,8,25036252518864
0,/workspace/dmeyer/data/world_leaders,46968181,1771441,71704,8804484,438.871,184112,41871472,674.444,1000.19,1,2,8,25036204561170
9,/workspace/dmeyer/data/world_leaders,46968181,1904916,77523,1127236344,327.371,87140,35206426,532.326,936.075,1,2,8,25036252518864
12,/workspace/dmeyer/data/world_leaders,46968181,3454190,55114,1127236344,288.316,69403,57142242,498.354,935.883,1,2,8,25036252518864
8,/workspace/dmeyer/data/world_leaders,46968181,1673550,5152,1127236344,222.767,19118,49952348,356.082,931.892,1,2,4,25036252518864
1,/workspace/dmeyer/data/world_leaders,46968181,1555723,7044,1127236344,372.941,19629,40282043,580.918,1009.56,1,2,4,25036252518864
4,/workspace/dmeyer/data/world_leaders,46968181,1680300,5579,1127236344,226.718,19828,50491874,357.363,948.268,1,2,4,25036252518864
5,/workspace/dmeyer/data/world_leaders,46968181,1680300,5477,1127236344,223.946,19708,50491874,355.014,943.643,1,2,4,25036252518864
7,/workspace/dmeyer/data/world_leaders,46968181,2850252,5173,1127236344,323.025,24186,66501130,568.435,1026.48,1,2,4,25036252518864
6,/workspace/dmeyer/data/world_leaders,46968181,2902452,5156,1127236344,205.983,24331,73124282,354.292,952.073,1,2,4,25036252518864
0,/workspace/dmeyer/data/world_leaders,46968181,1496594,72478,10806828,472.877,217514,47685892,724.124,1088.78,1,2,4,25036204561170
9,/workspace/dmeyer/data/world_leaders,46968181,1555723,79174,1127236344,361.753,91812,40282043,592.803,1024.14,1,2,4,25036252518864
12,/workspace/dmeyer/data/world_leaders,46968181,2850252,56393,1127236344,317.959,75581,66501130,572.425,1026.02,1,2,4,25036252518864
13,/workspace/dmeyer/data/Escherichia_Coli,112689515,0,2147,0,927.61,2147,0,827.174,1605.49,1,1,0,59867746601254
13,/workspace/dmeyer/data/Escherichia_Coli,112689515,0,2150,0,963.278,2150,0,877.237,1690.25,1,2,0,59867746601254
8,/workspace/dmeyer/data/Escherichia_Coli,112689515,60464993,16442,2704548360,90.8996,17679,71935007,155.752,853.99,1,16,16,59867746601254
1,/workspace/dmeyer/data/Escherichia_Coli,112689515,59230627,19001,2704548360,138.199,19965,64452317,203.239,759.207,1,16,16,59867746601254
4,/workspace/dmeyer/data/Escherichia_Coli,112689515,60464985,16606,2704548360,89.1206,17849,71934999,148.231,858.047,1,16,16,59867746601254
5,/workspace/dmeyer/data/Escherichia_Coli,112689515,60464985,15762,2704548360,89.7435,16990,71934999,156.257,872.368,1,16,16,59867746601254
7,/workspace/dmeyer/data/Escherichia_Coli,112689515,72827635,16201,2704548360,139.468,17140,78114253,203.297,764.72,1,16,16,59867746601254
6,/workspace/dmeyer/data/Escherichia_Coli,112689515,72993161,16300,2704548360,87.5553,17431,84022815,156.375,848.164,1,16,16,59867746601254
0,/workspace/dmeyer/data/Escherichia_Coli,112689515,29880821,65206,48711144,136.926,105376,66097042,196.831,581.985,1,16,16,59867708030800
9,/workspace/dmeyer/data/Escherichia_Coli,112689515,59230627,57516,2704548360,134.075,58480,64452317,192.664,765.814,1,16,16,59867746601254
12,/workspace/dmeyer/data/Escherichia_Coli,112689515,72827635,40419,2704548360,139.072,41328,78114253,202.094,766.255,1,16,16,59867746601254
8,/workspace/dmeyer/data/Escherichia_Coli,112689515,31640811,15947,2704548360,186.972,26641,83735375,273.938,897.735,1,16,8,59867746601254
1,/workspace/dmeyer/data/Escherichia_Coli,112689515,31173735,19911,2704548360,208.639,30171,76312231,312.57,723.218,1,16,8,59867746601254
4,/workspace/dmeyer/data/Escherichia_Coli,112689515,31651833,17458,2704548360,184.905,28159,83786733,272.607,902.144,1,16,8,59867746601254
5,/workspace/dmeyer/data/Escherichia_Coli,112689515,31651833,16215,2704548360,183.924,26913,83786733,272.667,905.172,1,16,8,59867746601254
7,/workspace/dmeyer/data/Escherichia_Coli,112689515,39464893,16037,2704548360,209.969,28122,92960445,323.116,728.475,1,16,8,59867746601254
6,/workspace/dmeyer/data/Escherichia_Coli,112689515,39630419,16063,2704548360,180.625,28141,98869007,277.736,847.755,1,16,8,59867746601254
0,/workspace/dmeyer/data/Escherichia_Coli,112689515,24950885,69186,80099424,134.529,136752,82093658,205.963,627.852,1,16,8,59867708030800
9,/workspace/dmeyer/data/Escherichia_Coli,112689515,31173735,83618,2704548360,224.393,93875,76312231,313.936,739.886,1,16,8,59867746601254
12,/workspace/dmeyer/data/Escherichia_Coli,112689515,39464893,64763,2704548360,211.742,76847,92960445,332.134,732.081,1,16,8,59867746601254
8,/workspace/dmeyer/data/Escherichia_Coli,112689515,31640811,16461,2704548360,184.521,27155,83735375,274.696,890.994,1,16,4,59867746601254
1,/workspace/dmeyer/data/Escherichia_Coli,112689515,31173735,19949,2704548360,219.4,30212,76312231,309.417,732.36,1,16,4,59867746601254
4,/workspace/dmeyer/data/Escherichia_Coli,112689515,31651833,17470,2704548360,182.272,28172,83786733,271.094,889.878,1,16,4,59867746601254
5,/workspace/dmeyer/data/Escherichia_Coli,112689515,31651833,16171,2704548360,185.005,26917,83786733,273.581,889.49,1,16,4,59867746601254
7,/workspace/dmeyer/data/Escherichia_Coli,112689515,39464893,16069,2704548360,229.831,28139,92960445,320.695,741.45,1,16,4,59867746601254
6,/workspace/dmeyer/data/Escherichia_Coli,112689515,39630419,16044,2704548360,180.443,28129,98869007,278.414,858.332,1,16,4,59867746601254
0,/workspace/dmeyer/data/Escherichia_Coli,112689515,21063670,75481,127531356,156.736,186851,104812472,258.751,701.231,1,16,4,59867708030800
9,/workspace/dmeyer/data/Escherichia_Coli,112689515,31173735,83438,2704548360,222.507,93701,76312231,314.143,739.455,1,16,4,59867746601254
12,/workspace/dmeyer/data/Escherichia_Coli,112689515,39464893,64728,2704548360,246.652,76794,92960445,321.241,755.501,1,16,4,59867746601254
8,/workspace/dmeyer/data/Escherichia_Coli,112689515,42874089,16047,2704548360,109.206,21865,89726127,160.94,1121.29,1,8,16,59867746601254
1,/workspace/dmeyer/data/Escherichia_Coli,112689515,38621036,19391,2704548360,171.686,23073,53646626,260.542,610.046,1,8,16,59867746601254
4,/workspace/dmeyer/data/Escherichia_Coli,112689515,42874081,16033,2704548360,109.281,21835,89726119,159.966,1125.75,1,8,16,59867746601254
5,/workspace/dmeyer/data/Escherichia_Coli,112689515,42874081,15262,2704548360,109.162,21080,89726119,160.313,1126.61,1,8,16,59867746601254
7,/workspace/dmeyer/data/Escherichia_Coli,112689515,51599714,15507,2704548360,170.136,19435,68159122,229.099,629.268,1,8,16,59867746601254
6,/workspace/dmeyer/data/Escherichia_Coli,112689515,53141837,15587,2704548360,107.628,21142,98939131,158.963,1102.33,1,8,16,59867746601254
0,/workspace/dmeyer/data/Escherichia_Coli,112689515,24498862,86438,43913556,157.004,124985,57303736,227.663,587.248,1,8,16,59867708030800
9,/workspace/dmeyer/data/Escherichia_Coli,112689515,38621036,85223,2704548360,169.979,88904,53646626,241.966,604.012,1,8,16,59867746601254
12,/workspace/dmeyer/data/Escherichia_Coli,112689515,51599714,60627,2704548360,171.012,64558,68159122,226.048,635.281,1,8,16,59867746601254
8,/workspace/dmeyer/data/Escherichia_Coli,112689515,42874089,16073,2704548360,109.435,21882,89726127,160.287,1109.41,1,8,8,59867746601254
1,/workspace/dmeyer/data/Escherichia_Coli,112689515,38621036,19391,2704548360,171.955,23078,53646626,260.303,607.894,1,8,8,59867746601254
4,/workspace/dmeyer/data/Escherichia_Coli,112689515,42874081,16018,2704548360,110.211,21813,89726119,159.208,1099.8,1,8,8,59867746601254
5,/workspace/dmeyer/data/Escherichia_Coli,112689515,42874081,15271,2704548360,109.67,21082,89726119,159.426,1100.4,1,8,8,59867746601254
7,/workspace/dmeyer/data/Escherichia_Coli,112689515,51599714,15496,2704548360,168.466,19423,68159122,226.534,624.823,1,8,8,59867746601254
6,/workspace/dmeyer/data/Escherichia_Coli,112689515,53141837,16403,2704548360,108.356,21963,98939131,158.683,1077.16,1,8,8,59867746601254
0,/workspace/dmeyer/data/Escherichia_Coli,112689515,20370679,91059,70339608,178.317,156938,68614774,274.595,653.77,1,8,8,59867708030800
9,/workspace/dmeyer/data/Escherichia_Coli,112689515,38621036,85134,2704548360,172.226,88808,53646626,246.067,620.342,1,8,8,59867746601254
12,/workspace/dmeyer/data/Escherichia_Coli,112689515,51599714,60706,2704548360,167.201,64635,68159122,225.39,628.69,1,8,8,59867746601254
8,/workspace/dmeyer/data/Escherichia_Coli,112689515,20045005,17767,2704548360,188.842,38362,115234673,339.636,1360.3,1,8,4,59867746601254
1,/workspace/dmeyer/data/Escherichia_Coli,112689515,17082296,21495,2704548360,247.207,38582,77728972,438.425,820.647,1,8,4,59867746601254
4,/workspace/dmeyer/data/Escherichia_Coli,112689515,20045056,18059,2704548360,188.006,38654,115234868,338.288,1356.98,1,8,4,59867746601254
5,/workspace/dmeyer/data/Escherichia_Coli,112689515,20045056,19565,2704548360,188.194,40169,115234868,338.91,1363.43,1,8,4,59867746601254
7,/workspace/dmeyer/data/Escherichia_Coli,112689515,36746503,17000,2704548360,240.101,33991,106936349,371.488,766.288,1,8,4,59867746601254
6,/workspace/dmeyer/data/Escherichia_Coli,112689515,38288626,17069,2704548360,200.903,35415,137716358,291.687,1255.44,1,8,4,59867746601254
0,/workspace/dmeyer/data/Escherichia_Coli,112689515,17982903,99673,111788760,185.005,209182,89363606,295.348,741.353,1,8,4,59867708030800
9,/workspace/dmeyer/data/Escherichia_Coli,112689515,17082296,106569,2704548360,258.944,123668,77728972,429.654,824.842,1,8,4,59867746601254
12,/workspace/dmeyer/data/Escherichia_Coli,112689515,36746503,83777,2704548360,217.879,100779,106936349,370.73,768.549,1,8,4,59867746601254
8,/workspace/dmeyer/data/Escherichia_Coli,112689515,42874089,16394,2704548360,110.793,20480,89726127,142.68,1113.43,1,4,16,59867746601254
1,/workspace/dmeyer/data/Escherichia_Coli,112689515,37468752,20988,2704548360,199.63,23535,51909602,282.071,668.303,1,4,16,59867746601254
4,/workspace/dmeyer/data/Escherichia_Coli,112689515,42874081,17244,2704548360,110.517,21328,89726119,141.645,1114.62,1,4,16,59867746601254
5,/workspace/dmeyer/data/Escherichia_Coli,112689515,42874081,16377,2704548360,110.237,20451,89726119,141.717,1111.49,1,4,16,59867746601254
7,/workspace/dmeyer/data/Escherichia_Coli,112689515,51258144,15453,2704548360,192.107,18160,67777484,273.66,679.509,1,4,16,59867746601254
6,/workspace/dmeyer/data/Escherichia_Coli,112689515,53141837,16386,2704548360,102.31,20184,98939131,149.504,1063.23,1,4,16,59867746601254
0,/workspace/dmeyer/data/Escherichia_Coli,112689515,19580649,123852,42897252,223.85,169780,50126250,337.122,662.407,1,4,16,59867708030800
9,/workspace/dmeyer/data/Escherichia_Coli,112689515,37468752,121098,2704548360,196.59,123637,51909602,300.18,679.032,1,4,16,59867746601254
12,/workspace/dmeyer/data/Escherichia_Coli,112689515,51258144,83919,2704548360,191.511,86639,67777484,271.642,685.387,1,4,16,59867746601254
8,/workspace/dmeyer/data/Escherichia_Coli,112689515,29950928,15806,2704548360,154.901,25938,97951340,280.337,1268.13,1,4,8,59867746601254
1,/workspace/dmeyer/data/Escherichia_Coli,112689515,26746209,22087,2704548360,257.203,29636,60501713,408.899,803.071,1,4,8,59867746601254
4,/workspace/dmeyer/data/Escherichia_Coli,112689515,29964537,17288,2704548360,151.189,27421,98013133,277.705,1270.23,1,4,8,59867746601254
5,/workspace/dmeyer/data/Escherichia_Coli,112689515,29964537,15977,2704548360,151.32,26135,98013133,277.712,1269.6,1,4,8,59867746601254
7,/workspace/dmeyer/data/Escherichia_Coli,112689515,35559885,15760,2704548360,278.16,24930,78580191,404.538,842.115,1,4,8,59867746601254
6,/workspace/dmeyer/data/Escherichia_Coli,112689515,37443578,15847,2704548360,180.499,26391,109741838,270.255,1243.13,1,4,8,59867746601254
0,/workspace/dmeyer/data/Escherichia_Coli,112689515,16841633,135486,68263200,229.987,211604,61731642,347.573,734.04,1,4,8,59867708030800
9,/workspace/dmeyer/data/Escherichia_Coli,112689515,26746209,143899,2704548360,242.801,151441,60501713,423.48,787.254,1,4,8,59867746601254
12,/workspace/dmeyer/data/Escherichia_Coli,112689515,35559885,103636,2704548360,258.086,112809,78580191,404.731,833.617,1,4,8,59867746601254
8,/workspace/dmeyer/data/Escherichia_Coli,112689515,29950928,15744,2704548360,155.182,25879,97951340,282.042,1265.87,1,4,4,59867746601254
1,/workspace/dmeyer/data/Escherichia_Coli,112689515,26746209,22114,2704548360,253.245,29655,60501713,408.712,796.484,1,4,4,59867746601254
4,/workspace/dmeyer/data/Escherichia_Coli,112689515,29964537,17228,2704548360,156.083,27400,98013133,280.151,1259.33,1,4,4,59867746601254
5,/workspace/dmeyer/data/Escherichia_Coli,112689515,29964537,15917,2704548360,156.375,26052,98013133,280.708,1262.01,1,4,4,59867746601254
7,/workspace/dmeyer/data/Escherichia_Coli,112689515,35559885,15697,2704548360,262.95,24886,78580191,396.749,829.323,1,4,4,59867746601254
6,/workspace/dmeyer/data/Escherichia_Coli,112689515,37443578,15795,2704548360,179.945,26328,109741838,268.209,1247.6,1,4,4,59867746601254
0,/workspace/dmeyer/data/Escherichia_Coli,112689515,15848594,146507,109070040,262.307,271566,78461296,413.697,859.541,1,4,4,59867708030800
9,/workspace/dmeyer/data/Escherichia_Coli,112689515,26746209,144055,2704548360,253.684,151583,60501713,415.974,807.02,1,4,4,59867746601254
12,/workspace/dmeyer/data/Escherichia_Coli,112689515,35559885,103893,2704548360,266.95,113071,78580191,411.705,837.083,1,4,4,59867746601254
8,/workspace/dmeyer/data/Escherichia_Coli,112689515,32572861,15604,2704548360,144.252,22354,89690329,206.743,1253.72,1,2,16,59867746601254
1,/workspace/dmeyer/data/Escherichia_Coli,112689515,29116920,26045,2704548360,332.363,31026,55194388,539.662,981.829,1,2,16,59867746601254
4,/workspace/dmeyer/data/Escherichia_Coli,112689515,32581538,16876,2704548360,139.688,23650,89730350,214.913,1226.94,1,2,16,59867746601254
5,/workspace/dmeyer/data/Escherichia_Coli,112689515,32581538,15532,2704548360,139.986,22301,89730350,214.408,1234.41,1,2,16,59867746601254
7,/workspace/dmeyer/data/Escherichia_Coli,112689515,41019102,15514,2704548360,337.643,21296,74125596,523.189,976.524,1,2,16,59867746601254
6,/workspace/dmeyer/data/Escherichia_Coli,112689515,43194083,15626,2704548360,150.108,22043,101489239,203.748,1208.96,1,2,16,59867746601254
0,/workspace/dmeyer/data/Escherichia_Coli,112689515,15788912,240093,54400176,393.452,310608,49576340,612.823,913.073,1,2,16,59867708030800
9,/workspace/dmeyer/data/Escherichia_Coli,112689515,29116920,248458,2704548360,343.95,253433,55194388,544.492,984.59,1,2,16,59867746601254
12,/workspace/dmeyer/data/Escherichia_Coli,112689515,41019102,169694,2704548360,355.761,175480,74125596,520.69,1010.15,1,2,16,59867746601254
8,/workspace/dmeyer/data/Escherichia_Coli,112689515,28206785,15803,2704548360,205.18,26705,96995371,327.245,1408.03,1,2,8,59867746601254
1,/workspace/dmeyer/data/Escherichia_Coli,112689515,24983255,27170,2704548360,388.103,35633,62690433,676.232,1107.72,1,2,8,59867746601254
4,/workspace/dmeyer/data/Escherichia_Coli,112689515,28218642,17992,2704548360,194.287,28949,97139428,325.743,1405.7,1,2,8,59867746601254
5,/workspace/dmeyer/data/Escherichia_Coli,112689515,28218642,16613,2704548360,195.746,27571,97139428,326.749,1397.03,1,2,8,59867746601254
7,/workspace/dmeyer/data/Escherichia_Coli,112689515,34228200,15801,2704548360,398.146,26219,83875636,669.464,1103.79,1,2,8,59867746601254
6,/workspace/dmeyer/data/Escherichia_Coli,112689515,36403181,15885,2704548360,206.029,27275,111239279,332.462,1345.13,1,2,8,59867746601254
0,/workspace/dmeyer/data/Escherichia_Coli,112689515,14423257,257351,86691792,425.104,370074,63220490,672.962,1047.65,1,2,8,59867708030800
9,/workspace/dmeyer/data/Escherichia_Coli,112689515,24983255,269633,2704548360,423.632,278281,62690433,676.519,1139.07,1,2,8,59867746601254
12,/workspace/dmeyer/data/Escherichia_Coli,112689515,34228200,187028,2704548360,390.671,197749,83875636,678.193,1118.77,1,2,8,59867746601254
8,/workspace/dmeyer/data/Escherichia_Coli,112689515,15665487,16964,2704548360,298.976,38509,105441743,540.498,1679.92,1,2,4,59867746601254
1,/workspace/dmeyer/data/Escherichia_Coli,112689515,12458655,28322,2704548360,517.43,46097,71124895,915.164,1358.97,1,2,4,59867746601254
4,/workspace/dmeyer/data/Escherichia_Coli,112689515,15686431,19125,2704548360,301.67,40773,105578775,546.047,1692.1,1,2,4,59867746601254
5,/workspace/dmeyer/data/Escherichia_Coli,112689515,15686431,18753,2704548360,305.032,40356,105578775,542.365,1693.29,1,2,4,59867746601254
7,/workspace/dmeyer/data/Escherichia_Coli,112689515,30949102,16119,2704548360,518.35,32926,101181144,821.84,1304.05,1,2,4,59867746601254
6,/workspace/dmeyer/data/Escherichia_Coli,112689515,33124083,16204,2704548360,295.14,34046,128544787,460.07,1528.91,1,2,4,59867746601254
0,/workspace/dmeyer/data/Escherichia_Coli,112689515,12533130,268661,87571404,489.12,466489,76784336,780.03,1203.97,1,2,4,59867708030800
9,/workspace/dmeyer/data/Escherichia_Coli,112689515,12458655,286808,2704548360,509.046,304551,71124895,934.948,1361.86,1,2,4,59867746601254
12,/workspace/dmeyer/data/Escherichia_Coli,112689515,30949102,203413,2704548360,440.801,220235,101181144,841.669,1217.07,1,2,4,59867746601254
13,/workspace/dmeyer/data/influenza,154808555,0,2952,0,973.175,2952,0,884.654,1764.48,1,1,0,82845547110548
13,/workspace/dmeyer/data/influenza,154808555,0,2953,0,989.275,2953,0,900.261,1856,1,2,0,82845547110548
8,/workspace/dmeyer/data/influenza,154808555,67648695,21005,3715405320,87.0952,22849,83792557,160.174,885.947,1,16,16,82845547110548
1,/workspace/dmeyer/data/influenza,154808555,67537391,23296,3715405320,114.531,25034,76543387,193.547,842.56,1,16,16,82845547110548
4,/workspace/dmeyer/data/influenza,154808555,67648687,21384,3715405320,86.4154,23215,83792549,159.791,917.912,1,16,16,82845547110548
5,/workspace/dmeyer/data/influenza,154808555,67648687,20778,3715405320,86.0887,22610,83792549,159.572,913.819,1,16,16,82845547110548
7,/workspace/dmeyer/data/influenza,154808555,103623129,21110,3715405320,118.669,22587,111758893,200.531,837.051,1,16,16,82845547110548
6,/workspace/dmeyer/data/influenza,154808555,103619067,21093,3715405320,83.9622,22624,118745681,169.713,893.138,1,16,16,82845547110548
0,/workspace/dmeyer/data/influenza,154808555,34418308,97892,57334440,117.279,147690,75353004,174.653,606.076,1,16,16,82845407505873
9,/workspace/dmeyer/data/influenza,154808555,67537391,86926,3715405320,115.67,88643,76543387,193.201,830.909,1,16,16,82845547110548
12,/workspace/dmeyer/data/influenza,154808555,103623129,58086,3715405320,121.918,59545,111758893,197.88,824.868,1,16,16,82845547110548
8,/workspace/dmeyer/data/influenza,154808555,19360304,20977,3715405320,141.517,36219,79931068,277.65,874.378,1,16,8,82845547110548
1,/workspace/dmeyer/data/influenza,154808555,19326300,24434,3715405320,185.958,39605,72823246,306.323,803.236,1,16,8,82845547110548
4,/workspace/dmeyer/data/influenza,154808555,19371044,22129,3715405320,164.298,37368,80063112,270.27,896.143,1,16,8,82845547110548
5,/workspace/dmeyer/data/influenza,154808555,19371044,22554,3715405320,163.685,37812,80063112,271.465,893.661,1,16,8,82845547110548
7,/workspace/dmeyer/data/influenza,154808555,32287000,21529,3715405320,214.011,42070,109250986,327.863,836.911,1,16,8,82845547110548
6,/workspace/dmeyer/data/influenza,154808555,32282938,21671,3715405320,191.724,42120,116237774,297.864,892.708,1,16,8,82845547110548
0,/workspace/dmeyer/data/influenza,154808555,24463476,100058,78949560,114.33,175458,79760396,171.395,660.877,1,16,8,82845407505873
9,/workspace/dmeyer/data/influenza,154808555,19326300,105072,3715405320,176.66,120264,72823246,305.393,807.181,1,16,8,82845547110548
12,/workspace/dmeyer/data/influenza,154808555,32287000,78307,3715405320,216.937,98873,109250986,325.092,840.932,1,16,8,82845547110548
8,/workspace/dmeyer/data/influenza,154808555,19360304,20935,3715405320,169.832,36146,79931068,271.868,910.313,1,16,4,82845547110548
1,/workspace/dmeyer/data/influenza,154808555,19326300,24160,3715405320,173.106,39320,72823246,304.812,791.567,1,16,4,82845547110548
4,/workspace/dmeyer/data/influenza,154808555,19371044,22152,3715405320,160.733,37420,80063112,271.57,894.97,1,16,4,82845547110548
5,/workspace/dmeyer/data/influenza,154808555,19371044,22607,3715405320,159.22,37879,80063112,271.029,890.785,1,16,4,82845547110548
7,/workspace/dmeyer/data/influenza,154808555,32287000,21544,3715405320,199.928,42098,109250986,330.031,814.498,1,16,4,82845547110548
6,/workspace/dmeyer/data/influenza,154808555,32282938,21453,3715405320,178.604,42021,116237774,298.69,876.116,1,16,4,82845547110548
0,/workspace/dmeyer/data/influenza,154808555,18052388,106715,99717468,116.854,213496,89612780,178.17,725.015,1,16,4,82845407505873
9,/workspace/dmeyer/data/influenza,154808555,19326300,105010,3715405320,184.553,120163,72823246,305.696,810.651,1,16,4,82845547110548
12,/workspace/dmeyer/data/influenza,154808555,32287000,78283,3715405320,196.403,98925,109250986,322.848,812.202,1,16,4,82845547110548
8,/workspace/dmeyer/data/influenza,154808555,28604176,19970,3715405320,129.359,25985,53372884,194.393,757.438,1,8,16,82845547110548
1,/workspace/dmeyer/data/influenza,154808555,28544361,23486,3715405320,147.279,29596,50401515,230.357,688.331,1,8,16,82845547110548
4,/workspace/dmeyer/data/influenza,154808555,28564349,20863,3715405320,128.796,26909,53574097,191.073,762.57,1,8,16,82845547110548
5,/workspace/dmeyer/data/influenza,154808555,28564349,20318,3715405320,127.502,26359,53574097,191.058,764.466,1,8,16,82845547110548
7,/workspace/dmeyer/data/influenza,154808555,49825363,20119,3715405320,144.339,27411,77401357,229.246,698.522,1,8,16,82845547110548
6,/workspace/dmeyer/data/influenza,154808555,49820837,20120,3715405320,125.908,27316,80454993,197.96,751.502,1,8,16,82845547110548
0,/workspace/dmeyer/data/influenza,154808555,23582973,123056,45352872,134.798,168984,57964866,215.413,605.943,1,8,16,82845407505873
9,/workspace/dmeyer/data/influenza,154808555,28544361,124646,3715405320,137.013,130765,50401515,233.021,675.102,1,8,16,82845547110548
12,/workspace/dmeyer/data/influenza,154808555,49825363,85198,3715405320,155.608,92492,77401357,221.402,719.421,1,8,16,82845547110548
8,/workspace/dmeyer/data/influenza,154808555,28604176,19945,3715405320,123.407,25954,53372884,196.18,758.315,1,8,8,82845547110548
1,/workspace/dmeyer/data/influenza,154808555,28544361,23461,3715405320,138.815,29594,50401515,235.263,678.253,1,8,8,82845547110548
4,/workspace/dmeyer/data/influenza,154808555,28564349,20845,3715405320,120.123,26893,53574097,202.859,751.106,1,8,8,82845547110548
5,/workspace/dmeyer/data/influenza,154808555,28564349,20316,3715405320,117.86,26370,53574097,204.249,750.618,1,8,8,82845547110548
7,/workspace/dmeyer/data/influenza,154808555,49825363,20102,3715405320,155.905,27394,77401357,224.774,713.321,1,8,8,82845547110548
6,/workspace/dmeyer/data/influenza,154808555,49820837,20973,3715405320,129.768,28160,80454993,198.209,757.554,1,8,8,82845547110548
0,/workspace/dmeyer/data/influenza,154808555,16486765,134449,58092312,139.634,203008,61746122,220.016,671.06,1,8,8,82845407505873
9,/workspace/dmeyer/data/influenza,154808555,28544361,124846,3715405320,148.21,130948,50401515,227.096,709.748,1,8,8,82845547110548
12,/workspace/dmeyer/data/influenza,154808555,49825363,85183,3715405320,149.591,92467,77401357,226.805,709.328,1,8,8,82845547110548
8,/workspace/dmeyer/data/influenza,154808555,14427929,21651,3715405320,198.653,37799,67121083,333.367,905.507,1,8,4,82845547110548
1,/workspace/dmeyer/data/influenza,154808555,14380697,25272,3715405320,208.797,41472,64118305,363.076,840.243,1,8,4,82845547110548
4,/workspace/dmeyer/data/influenza,154808555,14398066,22647,3715405320,196.515,38771,67293468,328.897,874.614,1,8,4,82845547110548
5,/workspace/dmeyer/data/influenza,154808555,14398066,23886,3715405320,192.434,39951,67293468,328.357,882.67,1,8,4,82845547110548
7,/workspace/dmeyer/data/influenza,154808555,26504208,22058,3715405320,222.212,44984,102765136,376.228,854.803,1,8,4,82845547110548
6,/workspace/dmeyer/data/influenza,154808555,26499682,22044,3715405320,202.645,44896,105818772,341.722,887.81,1,8,4,82845547110548
0,/workspace/dmeyer/data/influenza,154808555,12987701,137635,68369628,146.632,234375,69340922,228.174,741.022,1,8,4,82845407505873
9,/workspace/dmeyer/data/influenza,154808555,14380697,136082,3715405320,197.252,152158,64118305,363.779,831.411,1,8,4,82845547110548
12,/workspace/dmeyer/data/influenza,154808555,26504208,98804,3715405320,206.915,121781,102765136,370.359,855.952,1,8,4,82845547110548
8,/workspace/dmeyer/data/influenza,154808555,26989645,19900,3715405320,126.47,24366,54008745,182.431,809.122,1,4,16,82845547110548
1,/workspace/dmeyer/data/influenza,154808555,26441859,24594,3715405320,164.831,28755,45282371,259.633,717.24,1,4,16,82845547110548
4,/workspace/dmeyer/data/influenza,154808555,26890452,20889,3715405320,126.015,25377,53990912,181.467,821.739,1,4,16,82845547110548
5,/workspace/dmeyer/data/influenza,154808555,26890452,20187,3715405320,125.651,24677,53990912,181.325,820.971,1,4,16,82845547110548
7,/workspace/dmeyer/data/influenza,154808555,48775165,20086,3715405320,172.353,24947,73480205,250.811,747.789,1,4,16,82845547110548
6,/workspace/dmeyer/data/influenza,154808555,48822381,20030,3715405320,131.342,24876,80221745,185.876,802.979,1,4,16,82845547110548
0,/workspace/dmeyer/data/influenza,154808555,14888678,183852,37890132,163.684,235262,45923400,271.7,658.406,1,4,16,82845407505873
9,/workspace/dmeyer/data/influenza,154808555,26441859,181068,3715405320,168.728,185226,45282371,256.142,735.371,1,4,16,82845547110548
12,/workspace/dmeyer/data/influenza,154808555,48775165,120010,3715405320,161.744,124889,73480205,263.178,749.723,1,4,16,82845547110548
8,/workspace/dmeyer/data/influenza,154808555,12104487,20285,3715405320,185.837,30855,52102161,307.741,958.388,1,4,8,82845547110548
1,/workspace/dmeyer/data/influenza,154808555,11675366,25509,3715405320,229.206,35852,43571828,397.146,859.461,1,4,8,82845547110548
4,/workspace/dmeyer/data/influenza,154808555,12171142,21877,3715405320,187.109,32522,52353952,303.478,951.861,1,4,8,82845547110548
5,/workspace/dmeyer/data/influenza,154808555,12171142,21691,3715405320,184.43,32365,52353952,303.286,956.755,1,4,8,82845547110548
7,/workspace/dmeyer/data/influenza,154808555,22536180,20794,3715405320,205.096,35051,71502058,400.533,871.824,1,4,8,82845547110548
6,/workspace/dmeyer/data/influenza,154808555,22583396,20706,3715405320,172.798,34582,78243598,326.559,914.408,1,4,8,82845547110548
0,/workspace/dmeyer/data/influenza,154808555,10841855,189647,45932088,197.148,263331,49721806,316.217,724.182,1,4,8,82845407505873
9,/workspace/dmeyer/data/influenza,154808555,11675366,194511,3715405320,229.88,204797,43571828,374.851,876.582,1,4,8,82845547110548
12,/workspace/dmeyer/data/influenza,154808555,22536180,133162,3715405320,248.9,147381,71502058,390.078,925.007,1,4,8,82845547110548
8,/workspace/dmeyer/data/influenza,154808555,12104487,20294,3715405320,180.636,30819,52102161,305.073,940.687,1,4,4,82845547110548
1,/workspace/dmeyer/data/influenza,154808555,11675366,25575,3715405320,244.318,35905,43571828,378.623,880.415,1,4,4,82845547110548
4,/workspace/dmeyer/data/influenza,154808555,12171142,21853,3715405320,191.926,32473,52353952,302.036,942.806,1,4,4,82845547110548
5,/workspace/dmeyer/data/influenza,154808555,12171142,21709,3715405320,190.6,32344,52353952,302.84,948.216,1,4,4,82845547110548
7,/workspace/dmeyer/data/influenza,154808555,22536180,21388,3715405320,242.122,35623,71502058,392.488,902.893,1,4,4,82845547110548
6,/workspace/dmeyer/data/influenza,154808555,22583396,20727,3715405320,196.142,34589,78243598,322.674,919.746,1,4,4,82845547110548
0,/workspace/dmeyer/data/influenza,154808555,9485095,194588,51849096,208.035,292668,54763526,328.513,794.603,1,4,4,82845407505873
9,/workspace/dmeyer/data/influenza,154808555,11675366,194346,3715405320,224.138,204650,43571828,379.677,877.893,1,4,4,82845547110548
12,/workspace/dmeyer/data/influenza,154808555,22536180,133561,3715405320,243.096,147806,71502058,397.815,903.635,1,4,4,82845547110548
8,/workspace/dmeyer/data/influenza,154808555,14754514,19963,3715405320,191.396,27279,46623314,277.87,978.381,1,2,16,82845547110548
1,/workspace/dmeyer/data/influenza,154808555,14001277,29048,3715405320,292.98,36344,39070187,463.723,953.116,1,2,16,82845547110548
4,/workspace/dmeyer/data/influenza,154808555,14610664,21922,3715405320,192.998,29384,46973152,282.956,963.033,1,2,16,82845547110548
5,/workspace/dmeyer/data/influenza,154808555,14610664,21022,3715405320,188.128,28489,46973152,282.652,963.806,1,2,16,82845547110548
7,/workspace/dmeyer/data/influenza,154808555,30053548,20241,3715405320,299.762,29663,68240692,436.963,1031.7,1,2,16,82845547110548
6,/workspace/dmeyer/data/influenza,154808555,30190004,20177,3715405320,210.42,28862,72897884,286.149,989.036,1,2,16,82845547110548
0,/workspace/dmeyer/data/influenza,154808555,8934699,346316,40409520,301.161,417525,40320614,489.247,835.094,1,2,16,82845407505873
9,/workspace/dmeyer/data/influenza,154808555,14001277,354346,3715405320,276.937,361647,39070187,465.943,949.749,1,2,16,82845547110548
12,/workspace/dmeyer/data/influenza,154808555,30053548,228173,3715405320,261.806,237637,68240692,458.819,1009.49,1,2,16,82845547110548
8,/workspace/dmeyer/data/influenza,154808555,9733785,20175,3715405320,253.089,31070,46705479,384.539,1131.21,1,2,8,82845547110548
1,/workspace/dmeyer/data/influenza,154808555,9088989,30028,3715405320,369.425,40727,39347841,574.409,1106.62,1,2,8,82845547110548
4,/workspace/dmeyer/data/influenza,154808555,9697598,22609,3715405320,240.237,33766,47248556,378.13,1096.9,1,2,8,82845547110548
5,/workspace/dmeyer/data/influenza,154808555,9697598,21961,3715405320,239.213,33131,47248556,380.975,1101.71,1,2,8,82845547110548
7,/workspace/dmeyer/data/influenza,154808555,19536200,20635,3715405320,338.827,35714,69235334,552.359,1141.19,1,2,8,82845547110548
6,/workspace/dmeyer/data/influenza,154808555,19672656,20561,3715405320,251.474,34935,73892526,402.448,1087.64,1,2,8,82845547110548
0,/workspace/dmeyer/data/influenza,154808555,7141812,353694,46882992,341.298,450724,43806196,536.281,930.453,1,2,8,82845407505873
9,/workspace/dmeyer/data/influenza,154808555,9088989,364469,3715405320,326.129,375234,39347841,583.27,1075.73,1,2,8,82845547110548
12,/workspace/dmeyer/data/influenza,154808555,19536200,237733,3715405320,360.115,252827,69235334,580.004,1143.37,1,2,8,82845547110548
8,/workspace/dmeyer/data/influenza,154808555,7351272,20423,3715405320,297.296,35417,48410588,475.199,1189.53,1,2,4,82845547110548
1,/workspace/dmeyer/data/influenza,154808555,6688766,30339,3715405320,452.543,45062,40943168,699.989,1255.93,1,2,4,82845547110548
4,/workspace/dmeyer/data/influenza,154808555,7297336,23122,3715405320,318.638,38476,48843916,473.899,1229.49,1,2,4,82845547110548
5,/workspace/dmeyer/data/influenza,154808555,7297336,23061,3715405320,316.878,38408,48843916,471.501,1230.08,1,2,4,82845547110548
7,/workspace/dmeyer/data/influenza,154808555,15282390,21059,3715405320,400.631,42050,74345322,649.227,1270.28,1,2,4,82845547110548
6,/workspace/dmeyer/data/influenza,154808555,15418846,20984,3715405320,287.616,41288,79002514,490.34,1169.81,1,2,4,82845547110548
0,/workspace/dmeyer/data/influenza,154808555,6641173,356920,47948004,386.706,483794,46707858,598.84,1006.27,1,2,4,82845407505873
9,/workspace/dmeyer/data/influenza,154808555,6688766,372146,3715405320,422.852,386875,40943168,692.167,1196.98,1,2,4,82845547110548
12,/workspace/dmeyer/data/influenza,154808555,15282390,245319,3715405320,403.282,266382,74345322,674.554,1242.23,1,2,4,82845547110548
13,/workspace/dmeyer/data/coreutils,205281778,0,3924,0,1006.03,3924,0,783.075,2078.66,1,1,0,103349705135911
13,/workspace/dmeyer/data/coreutils,205281778,0,3921,0,1043.44,3921,0,773.712,2119.25,1,2,0,103349705135911
8,/workspace/dmeyer/data/coreutils,205281778,50521339,27358,4926762672,99.6104,68666,535249715,116.618,1418.36,1,16,16,103349705135911
1,/workspace/dmeyer/data/coreutils,205281778,43748228,29182,4926762672,156.552,45022,147959124,189.469,774.558,1,16,16,103349705135911
4,/workspace/dmeyer/data/coreutils,205281778,50521331,27669,4926762672,100.82,68534,535249707,121.47,1446.45,1,16,16,103349705135911
5,/workspace/dmeyer/data/coreutils,205281778,50521331,27263,4926762672,100.989,68131,535249707,121.491,1444.88,1,16,16,103349705135911
7,/workspace/dmeyer/data/coreutils,205281778,54641778,27059,4926762672,144.484,44564,174145018,173.242,801.803,1,16,16,103349705135911
6,/workspace/dmeyer/data/coreutils,205281778,56121027,27255,4926762672,102.164,68269,537499491,120.492,1448,1,16,16,103349705135911
0,/workspace/dmeyer/data/coreutils,205281778,43761774,95160,36718260,186.119,853872,554107166,248.205,890.631,1,16,16,103349673821909
9,/workspace/dmeyer/data/coreutils,205281778,43748228,91557,4926762672,153.84,107072,147959124,190.951,787.068,1,16,16,103349705135911
12,/workspace/dmeyer/data/coreutils,205281778,54641778,65584,4926762672,143.371,83261,174145018,170.008,807.638,1,16,16,103349705135911
8,/workspace/dmeyer/data/coreutils,205281778,22660429,26435,4926762672,189.365,224284,1111145917,215.134,1704.62,1,16,8,103349705135911
1,/workspace/dmeyer/data/coreutils,205281778,19769334,29099,4926762672,231.34,166438,656851206,277.666,989.006,1,16,8,103349705135911
4,/workspace/dmeyer/data/coreutils,205281778,22663123,27434,4926762672,166.252,225871,1111571363,223.271,1722.34,1,16,8,103349705135911
5,/workspace/dmeyer/data/coreutils,205281778,22663123,27037,4926762672,189.106,225222,1111571363,215.752,1718.64,1,16,8,103349705135911
7,/workspace/dmeyer/data/coreutils,205281778,27108810,26477,4926762672,228.725,183371,800379730,257.686,1007.53,1,16,8,103349705135911
6,/workspace/dmeyer/data/coreutils,205281778,28588059,26551,4926762672,191.336,226633,1163734203,208.417,1676.71,1,16,8,103349705135911
0,/workspace/dmeyer/data/coreutils,205281778,35569598,97433,59144592,184.546,1326839,769773174,261.88,949.716,1,16,8,103349673821909
9,/workspace/dmeyer/data/coreutils,205281778,19769334,113557,4926762672,201.02,250940,656851206,275.677,972.206,1,16,8,103349705135911
12,/workspace/dmeyer/data/coreutils,205281778,27108810,86800,4926762672,216.557,243600,800379730,255.044,998.316,1,16,8,103349705135911
8,/workspace/dmeyer/data/coreutils,205281778,22660429,26391,4926762672,171.618,223907,1111145917,209.962,1662.89,1,16,4,103349705135911
1,/workspace/dmeyer/data/coreutils,205281778,19769334,29035,4926762672,215.527,166311,656851206,277.58,985.986,1,16,4,103349705135911
4,/workspace/dmeyer/data/coreutils,205281778,22663123,27404,4926762672,167.821,224848,1111571363,210.372,1667.95,1,16,4,103349705135911
5,/workspace/dmeyer/data/coreutils,205281778,22663123,26878,4926762672,165.763,224392,1111571363,210.585,1688.38,1,16,4,103349705135911
7,/workspace/dmeyer/data/coreutils,205281778,27108810,26314,4926762672,190.574,183093,800379730,259.679,986.214,1,16,4,103349705135911
6,/workspace/dmeyer/data/coreutils,205281778,28588059,26356,4926762672,173.177,226099,1163734203,203.646,1652.69,1,16,4,103349705135911
0,/workspace/dmeyer/data/coreutils,205281778,28305014,104984,91473264,187.209,2093940,1077225134,281.062,1035.46,1,16,4,103349673821909
9,/workspace/dmeyer/data/coreutils,205281778,19769334,113644,4926762672,223.434,250947,656851206,275.731,995.898,1,16,4,103349705135911
12,/workspace/dmeyer/data/coreutils,205281778,27108810,87670,4926762672,203.223,244333,800379730,255.416,995.929,1,16,4,103349705135911
8,/workspace/dmeyer/data/coreutils,205281778,28580064,25784,4926762672,129.277,91448,462494096,146.169,1351.95,1,8,16,103349705135911
1,/workspace/dmeyer/data/coreutils,205281778,27201430,28920,4926762672,182.943,70634,251431382,220.252,871.068,1,8,16,103349705135911
4,/workspace/dmeyer/data/coreutils,205281778,28575051,26627,4926762672,132.962,92198,462753619,147.54,1350.65,1,8,16,103349705135911
5,/workspace/dmeyer/data/coreutils,205281778,28575051,25821,4926762672,132.597,91372,462753619,147.184,1351.06,1,8,16,103349705135911
7,/workspace/dmeyer/data/coreutils,205281778,37028015,25802,4926762672,184.583,73612,303378087,213.288,856.375,1,8,16,103349705135911
6,/workspace/dmeyer/data/coreutils,205281778,37743467,25825,4926762672,134.865,90404,481740507,142.143,1304.81,1,8,16,103349705135911
0,/workspace/dmeyer/data/coreutils,205281778,34574607,119860,32338224,209.328,820799,461604227,288.185,979.572,1,8,16,103349673821909
9,/workspace/dmeyer/data/coreutils,205281778,27201430,125722,4926762672,182.741,167485,251431382,221.142,880.683,1,8,16,103349705135911
12,/workspace/dmeyer/data/coreutils,205281778,37028015,93049,4926762672,185.189,141044,303378087,215.817,873.49,1,8,16,103349705135911
8,/workspace/dmeyer/data/coreutils,205281778,28580064,25864,4926762672,132.234,91760,462494096,151.107,1346.28,1,8,8,103349705135911
1,/workspace/dmeyer/data/coreutils,205281778,27201430,28979,4926762672,187.579,70682,251431382,218.06,875.794,1,8,8,103349705135911
4,/workspace/dmeyer/data/coreutils,205281778,28575051,27491,4926762672,133.058,93953,462753619,151.043,1350.49,1,8,8,103349705135911
5,/workspace/dmeyer/data/coreutils,205281778,28575051,25847,4926762672,132.744,92346,462753619,151.464,1354.71,1,8,8,103349705135911
7,/workspace/dmeyer/data/coreutils,205281778,37028015,25798,4926762672,182.992,73751,303378087,216.542,863.041,1,8,8,103349705135911
6,/workspace/dmeyer/data/coreutils,205281778,37743467,26056,4926762672,132.509,91243,481740507,144.987,1303.76,1,8,8,103349705135911
0,/workspace/dmeyer/data/coreutils,205281778,27234559,123560,50327964,210.491,1261833,644373979,302.905,1060.74,1,8,8,103349673821909
9,/workspace/dmeyer/data/coreutils,205281778,27201430,125352,4926762672,182.568,166999,251431382,217.055,878.058,1,8,8,103349705135911
12,/workspace/dmeyer/data/coreutils,205281778,37028015,93134,4926762672,186.403,141018,303378087,211.716,877.453,1,8,8,103349705135911
8,/workspace/dmeyer/data/coreutils,205281778,17157742,26674,4926762672,208.735,238900,961521046,313.349,1692.06,1,8,4,103349705135911
1,/workspace/dmeyer/data/coreutils,205281778,15985471,30609,4926762672,261.518,207803,744986055,385.441,1192.83,1,8,4,103349705135911
4,/workspace/dmeyer/data/coreutils,205281778,17172019,28302,4926762672,208.114,240818,962979083,313.668,1685.82,1,8,4,103349705135911
5,/workspace/dmeyer/data/coreutils,205281778,17172019,28310,4926762672,209.437,240804,962979083,314.762,1686.75,1,8,4,103349705135911
7,/workspace/dmeyer/data/coreutils,205281778,24015304,26761,4926762672,247.047,244032,956997112,376.537,1140.63,1,8,4,103349705135911
6,/workspace/dmeyer/data/coreutils,205281778,24730756,26826,4926762672,201.774,264531,1135359532,300.425,1609.68,1,8,4,103349705135911
0,/workspace/dmeyer/data/coreutils,205281778,21484040,134668,74967432,234.464,1940034,865660896,350.09,1136.43,1,8,4,103349673821909
9,/workspace/dmeyer/data/coreutils,205281778,15985471,144159,4926762672,255.178,320428,744986055,372.559,1174.9,1,8,4,103349705135911
12,/workspace/dmeyer/data/coreutils,205281778,24015304,111954,4926762672,277.358,328340,956997112,361.426,1125.26,1,8,4,103349705135911
8,/workspace/dmeyer/data/coreutils,205281778,28802694,25750,4926762672,136.128,96381,658302822,141.614,1590.63,1,4,16,103349705135911
1,/workspace/dmeyer/data/coreutils,205281778,26112733,30234,4926762672,220.97,62397,227886781,289.383,969.821,1,4,16,103349705135911
4,/workspace/dmeyer/data/coreutils,205281778,28797741,27145,4926762672,132.24,97691,658601301,142.126,1578.14,1,4,16,103349705135911
5,/workspace/dmeyer/data/coreutils,205281778,28797741,25936,4926762672,131.619,96512,658601301,141.834,1573.84,1,4,16,103349705135911
7,/workspace/dmeyer/data/coreutils,205281778,36651117,25692,4926762672,213.574,63283,285361421,272.818,972.646,1,4,16,103349705135911
6,/workspace/dmeyer/data/coreutils,205281778,38391778,25843,4926762672,133.506,91293,670097378,144.523,1526,1,4,16,103349705135911
0,/workspace/dmeyer/data/coreutils,205281778,26145266,171904,30622188,278.832,918611,421293874,400.876,1183.26,1,4,16,103349673821909
9,/workspace/dmeyer/data/coreutils,205281778,26112733,184693,4926762672,220.268,216860,227886781,287.732,997.957,1,4,16,103349705135911
12,/workspace/dmeyer/data/coreutils,205281778,36651117,133551,4926762672,204.969,171127,285361421,264.111,973.68,1,4,16,103349705135911
8,/workspace/dmeyer/data/coreutils,205281778,18173373,26123,4926762672,195.655,178072,885651421,251.533,1784.79,1,4,8,103349705135911
1,/workspace/dmeyer/data/coreutils,205281778,15861914,30478,4926762672,287.387,125239,452390146,403.796,1229.25,1,4,8,103349705135911
4,/workspace/dmeyer/data/coreutils,205281778,18175741,27458,4926762672,193.052,179661,887962533,256.958,1799.55,1,4,8,103349705135911
5,/workspace/dmeyer/data/coreutils,205281778,18175741,27342,4926762672,190.672,179540,887962533,256.362,1797.28,1,4,8,103349705135911
7,/workspace/dmeyer/data/coreutils,205281778,23943569,26014,4926762672,268.811,141578,592600649,380.847,1171.69,1,4,8,103349705135911
6,/workspace/dmeyer/data/coreutils,205281778,25684230,26430,4926762672,189.061,182893,977336606,245.751,1736.23,1,4,8,103349705135911
0,/workspace/dmeyer/data/coreutils,205281778,20212186,176158,46399536,279.939,1372900,572938970,424.84,1303.89,1,4,8,103349673821909
9,/workspace/dmeyer/data/coreutils,205281778,15861914,204176,4926762672,283.444,299028,452390146,403.985,1236.75,1,4,8,103349705135911
12,/workspace/dmeyer/data/coreutils,205281778,23943569,151858,4926762672,270.207,267582,592600649,377.375,1203.7,1,4,8,103349705135911
8,/workspace/dmeyer/data/coreutils,205281778,18173373,26080,4926762672,207.989,177656,885651421,256.782,1817.88,1,4,4,103349705135911
1,/workspace/dmeyer/data/coreutils,205281778,15861914,30444,4926762672,285.866,125256,452390146,400.59,1235.23,1,4,4,103349705135911
4,/workspace/dmeyer/data/coreutils,205281778,18175741,28371,4926762672,212.242,180864,887962533,255.653,1826.62,1,4,4,103349705135911
5,/workspace/dmeyer/data/coreutils,205281778,18175741,26637,4926762672,211.922,179043,887962533,256.958,1826.86,1,4,4,103349705135911
7,/workspace/dmeyer/data/coreutils,205281778,23943569,26058,4926762672,270.504,141558,592600649,380.027,1175.54,1,4,4,103349705135911
6,/workspace/dmeyer/data/coreutils,205281778,25684230,26185,4926762672,186.663,183355,977336606,250.959,1754.02,1,4,4,103349705135911
0,/workspace/dmeyer/data/coreutils,205281778,15942387,185071,66115464,310.546,1970024,764270631,476.514,1405.04,1,4,4,103349673821909
9,/workspace/dmeyer/data/coreutils,205281778,15861914,203542,4926762672,274.449,298093,452390146,398.626,1218.01,1,4,4,103349705135911
12,/workspace/dmeyer/data/coreutils,205281778,23943569,150330,4926762672,273.367,265761,592600649,378.538,1197.94,1,4,4,103349705135911
8,/workspace/dmeyer/data/coreutils,205281778,21153974,25875,4926762672,186.762,136145,752498734,242.639,1832.29,1,2,16,103349705135911
1,/workspace/dmeyer/data/coreutils,205281778,18913757,33006,4926762672,374.636,93245,348097781,572.168,1516.2,1,2,16,103349705135911
4,/workspace/dmeyer/data/coreutils,205281778,21063663,27228,4926762672,192.033,138076,755242687,244.931,1842.51,1,2,16,103349705135911
5,/workspace/dmeyer/data/coreutils,205281778,21063663,26805,4926762672,189.111,137606,755242687,245.61,1843.83,1,2,16,103349705135911
7,/workspace/dmeyer/data/coreutils,205281778,29147210,25759,4926762672,358.958,98524,460247498,526.454,1474.46,1,2,16,103349705135911
6,/workspace/dmeyer/data/coreutils,205281778,30968661,25860,4926762672,204.387,134995,825195469,240.593,1794.23,1,2,16,103349705135911
0,/workspace/dmeyer/data/coreutils,205281778,18977666,321477,37567956,467.209,1360763,448761858,734.223,1695.64,1,2,16,103349673821909
9,/workspace/dmeyer/data/coreutils,205281778,18913757,359580,4926762672,364.071,419835,348097781,557.269,1531.44,1,2,16,103349705135911
12,/workspace/dmeyer/data/coreutils,205281778,29147210,256234,4926762672,357.192,329186,460247498,544.647,1502.21,1,2,16,103349705135911
8,/workspace/dmeyer/data/coreutils,205281778,16602004,25953,4926762672,234.841,193103,878149764,358.706,1996.51,1,2,8,103349705135911
1,/workspace/dmeyer/data/coreutils,205281778,14392167,33746,4926762672,437.806,137134,476357327,695.084,1730.09,1,2,8,103349705135911
4,/workspace/dmeyer/data/coreutils,205281778,16540226,28088,4926762672,249.044,196393,883467794,355.634,2019.71,1,2,8,103349705135911
5,/workspace/dmeyer/data/coreutils,205281778,16540226,26764,4926762672,251.019,194996,883467794,353.406,2030.72,1,2,8,103349705135911
7,/workspace/dmeyer/data/coreutils,205281778,22824562,26823,4926762672,406.824,154464,655845050,661.011,1647.86,1,2,8,103349705135911
6,/workspace/dmeyer/data/coreutils,205281778,24646013,26009,4926762672,235.262,201379,1020793021,348.255,1929.14,1,2,8,103349705135911
0,/workspace/dmeyer/data/coreutils,205281778,14489507,332592,54722424,499.888,1932204,600268199,810.053,1884.9,1,2,8,103349673821909
9,/workspace/dmeyer/data/coreutils,205281778,14392167,376874,4926762672,407.287,479935,476357327,684.516,1721.4,1,2,8,103349705135911
12,/workspace/dmeyer/data/coreutils,205281778,22824562,271463,4926762672,417.488,399615,655845050,667.709,1685.4,1,2,8,103349705135911
8,/workspace/dmeyer/data/coreutils,205281778,13255594,26287,4926762672,323.116,274673,1037051938,481.505,2264.63,1,2,4,103349705135911
1,/workspace/dmeyer/data/coreutils,205281778,11119049,34716,4926762672,522.673,204459,637663601,827.359,1986.53,1,2,4,103349705135911
4,/workspace/dmeyer/data/coreutils,205281778,13266967,28814,4926762672,337.737,280445,1044762503,488.14,2265.52,1,2,4,103349705135911
5,/workspace/dmeyer/data/coreutils,205281778,13266967,27910,4926762672,341.381,279194,1044762503,485.998,2277.58,1,2,4,103349705135911
7,/workspace/dmeyer/data/coreutils,205281778,19127885,26382,4926762672,525.544,233591,900140725,795.895,1877.8,1,2,4,103349705135911
6,/workspace/dmeyer/data/coreutils,205281778,20949336,26471,4926762672,271.978,293321,1265088696,485.483,2093.66,1,2,4,103349705135911
0,/workspace/dmeyer/data/coreutils,205281778,11260548,341902,72034740,542.85,2698770,773865868,896.527,2051.35,1,2,4,103349673821909
9,/workspace/dmeyer/data/coreutils,205281778,11119049,390138,4926762672,503.807,559646,637663601,821.56,1943.51,1,2,4,103349705135911
12,/workspace/dmeyer/data/coreutils,205281778,19127885,282911,4926762672,457.323,490927,900140725,805.955,1841.78,1,2,4,103349705135911
13,/workspace/dmeyer/data/kernel,257961616,0,4931,0,1021.34,4931,0,828.944,2249.55,1,1,0,129690600474845
13,/workspace/dmeyer/data/kernel,257961616,0,4924,0,1053.91,4924,0,813.968,2278.79,1,2,0,129690600474845
8,/workspace/dmeyer/data/kernel,257961616,17990081,35171,6191078784,96.8496,45956,75451273,143.864,909.372,1,16,16,129690600474845
1,/workspace/dmeyer/data/kernel,257961616,17741415,38851,6191078784,136.758,47206,57846207,187.142,767.837,1,16,16,129690600474845
4,/workspace/dmeyer/data/kernel,257961616,17974193,35845,6191078784,98.0089,46593,75540593,147.122,915.375,1,16,16,129690600474845
5,/workspace/dmeyer/data/kernel,257961616,17974193,34831,6191078784,97.3348,45571,75540593,146.567,926.531,1,16,16,129690600474845
7,/workspace/dmeyer/data/kernel,257961616,20690827,34929,6191078784,123.646,45146,70587843,170.204,819.496,1,16,16,129690600474845
6,/workspace/dmeyer/data/kernel,257961616,20745957,35549,6191078784,99.7741,47072,83409941,143.694,920.937,1,16,16,129690600474845
0,/workspace/dmeyer/data/kernel,257961616,17750598,98272,15804528,165.182,362941,150630126,241.052,879.033,1,16,16,129690452753494
9,/workspace/dmeyer/data/kernel,257961616,17741415,99658,6191078784,131.486,107933,57846207,185.541,783.302,1,16,16,129690600474845
12,/workspace/dmeyer/data/kernel,257961616,20690827,72677,6191078784,121.432,82820,70587843,166.789,819.362,1,16,16,129690600474845
8,/workspace/dmeyer/data/kernel,257961616,10335578,33501,6191078784,155.042,79094,175957122,203.913,1105.31,1,16,8,129690600474845
1,/workspace/dmeyer/data/kernel,257961616,10184698,36110,6191078784,189.857,78075,157561954,241.563,947.796,1,16,8,129690600474845
4,/workspace/dmeyer/data/kernel,257961616,10336652,34459,6191078784,154.094,80080,175964700,201.619,1105.31,1,16,8,129690600474845
5,/workspace/dmeyer/data/kernel,257961616,10336652,34984,6191078784,151.976,80608,175964700,201.45,1102.86,1,16,8,129690600474845
7,/workspace/dmeyer/data/kernel,257961616,12652752,33547,6191078784,169.643,80952,185041136,215.611,971.581,1,16,8,129690600474845
6,/workspace/dmeyer/data/kernel,257961616,12707882,35644,6191078784,148.599,85488,197863234,189.228,1084.81,1,16,8,129690600474845
0,/workspace/dmeyer/data/kernel,257961616,14782286,98466,25321416,168.249,495839,204315094,257.789,953.494,1,16,8,129690452753494
9,/workspace/dmeyer/data/kernel,257961616,10184698,116493,6191078784,187.753,158417,157561954,239.64,961.606,1,16,8,129690600474845
12,/workspace/dmeyer/data/kernel,257961616,12652752,88762,6191078784,168.336,136251,185041136,217.303,975.062,1,16,8,129690600474845
8,/workspace/dmeyer/data/kernel,257961616,10335578,33611,6191078784,152.171,79097,175957122,198.177,1108.71,1,16,4,129690600474845
1,/workspace/dmeyer/data/kernel,257961616,10184698,36169,6191078784,191.188,78114,157561954,244.665,956.571,1,16,4,129690600474845
4,/workspace/dmeyer/data/kernel,257961616,10336652,34509,6191078784,153.62,80044,175964700,196.52,1110.95,1,16,4,129690600474845
5,/workspace/dmeyer/data/kernel,257961616,10336652,33738,6191078784,151.769,79414,175964700,197.525,1116.78,1,16,4,129690600474845
7,/workspace/dmeyer/data/kernel,257961616,12652752,33597,6191078784,177.323,80945,185041136,220.623,991.34,1,16,4,129690600474845
6,/workspace/dmeyer/data/kernel,257961616,12707882,33562,6191078784,155.604,83386,197863234,192.22,1107.12,1,16,4,129690600474845
0,/workspace/dmeyer/data/kernel,257961616,12853870,103303,41728224,173.102,731536,283230726,280.885,1019.25,1,16,4,129690452753494
9,/workspace/dmeyer/data/kernel,257961616,10184698,115764,6191078784,184.257,157673,157561954,239.021,960.936,1,16,4,129690600474845
12,/workspace/dmeyer/data/kernel,257961616,12652752,88616,6191078784,171.919,135983,185041136,218.455,988.562,1,16,4,129690600474845
8,/workspace/dmeyer/data/kernel,257961616,13853942,33637,6191078784,101.272,71983,242906814,127.984,1428.16,1,8,16,129690600474845
1,/workspace/dmeyer/data/kernel,257961616,12159510,36407,6191078784,174.26,50794,70135742,199.136,854.972,1,8,16,129690600474845
4,/workspace/dmeyer/data/kernel,257961616,13853962,34944,6191078784,101.113,73283,242936346,126.812,1430.31,1,8,16,129690600474845
5,/workspace/dmeyer/data/kernel,257961616,13853962,34133,6191078784,101.06,72460,242936346,126.802,1427.69,1,8,16,129690600474845
7,/workspace/dmeyer/data/kernel,257961616,14416784,33222,6191078784,163.152,50951,87006160,196.352,860.57,1,8,16,129690600474845
6,/workspace/dmeyer/data/kernel,257961616,15721688,35176,6191078784,96.745,73148,246698720,123.893,1404.65,1,8,16,129690600474845
0,/workspace/dmeyer/data/kernel,257961616,14053655,122339,13773240,196.636,351191,123825143,276.271,950.92,1,8,16,129690452753494
9,/workspace/dmeyer/data/kernel,257961616,12159510,135277,6191078784,167.142,149664,70135742,198.61,863.571,1,8,16,129690600474845
12,/workspace/dmeyer/data/kernel,257961616,14416784,100167,6191078784,161.23,117937,87006160,196.842,868.113,1,8,16,129690600474845
8,/workspace/dmeyer/data/kernel,257961616,13853942,33371,6191078784,104.524,71675,242906814,130.592,1460.42,1,8,8,129690600474845
1,/workspace/dmeyer/data/kernel,257961616,12159510,36607,6191078784,174.799,51012,70135742,200.173,852.668,1,8,8,129690600474845
4,/workspace/dmeyer/data/kernel,257961616,13853962,34141,6191078784,103.985,72462,242936346,130.497,1450.75,1,8,8,129690600474845
5,/workspace/dmeyer/data/kernel,257961616,13853962,33347,6191078784,103.059,71685,242936346,130.68,1448.36,1,8,8,129690600474845
7,/workspace/dmeyer/data/kernel,257961616,14416784,33387,6191078784,165.42,51086,87006160,200.814,864.936,1,8,8,129690600474845
6,/workspace/dmeyer/data/kernel,257961616,15721688,33366,6191078784,98.6465,71208,246698720,126.853,1420.52,1,8,8,129690600474845
0,/workspace/dmeyer/data/kernel,257961616,12175343,125215,22624908,201.57,484888,168150647,296.877,1037.84,1,8,8,129690452753494
9,/workspace/dmeyer/data/kernel,257961616,12159510,135409,6191078784,168.202,149818,70135742,199.362,866.362,1,8,8,129690600474845
12,/workspace/dmeyer/data/kernel,257961616,14416784,100116,6191078784,161.747,117873,87006160,196.671,880.102,1,8,8,129690600474845
8,/workspace/dmeyer/data/kernel,257961616,9273700,33652,6191078784,179.38,127609,359837772,285.383,1735.83,1,8,4,129690600474845
1,/workspace/dmeyer/data/kernel,257961616,7671643,37129,6191078784,249.155,90835,185395787,346.755,1143.94,1,8,4,129690600474845
4,/workspace/dmeyer/data/kernel,257961616,9278481,34714,6191078784,177.165,128662,360017201,282.199,1733.27,1,8,4,129690600474845
5,/workspace/dmeyer/data/kernel,257961616,9278481,35203,6191078784,177.572,129123,360017201,282.698,1737.44,1,8,4,129690600474845
7,/workspace/dmeyer/data/kernel,257961616,11010813,33588,6191078784,214.249,91135,211008469,331.348,1092.97,1,8,4,129690600474845
6,/workspace/dmeyer/data/kernel,257961616,12315717,33593,6191078784,152.555,123466,370701029,256.459,1646.23,1,8,4,129690600474845
0,/workspace/dmeyer/data/kernel,257961616,10705104,129743,37329540,226.597,704455,234904744,348.301,1097.9,1,8,4,129690452753494
9,/workspace/dmeyer/data/kernel,257961616,7671643,150918,6191078784,241.92,204447,185395787,339.613,1153.31,1,8,4,129690600474845
12,/workspace/dmeyer/data/kernel,257961616,11010813,115086,6191078784,224.936,172438,211008469,310.529,1106.96,1,8,4,129690600474845
8,/workspace/dmeyer/data/kernel,257961616,12377901,33120,6191078784,118.801,55408,145674381,151.451,1271.34,1,4,16,129690600474845
1,/workspace/dmeyer/data/kernel,257961616,11591723,38464,6191078784,222.544,48780,59651147,267.932,925.122,1,4,16,129690600474845
4,/workspace/dmeyer/data/kernel,257961616,12377251,33933,6191078784,119.172,56232,145839115,151.409,1269.88,1,4,16,129690600474845
5,/workspace/dmeyer/data/kernel,257961616,12377251,33066,6191078784,118.015,55363,145839115,151.823,1269.98,1,4,16,129690600474845
7,/workspace/dmeyer/data/kernel,257961616,14138615,34555,6191078784,195.008,47630,76755327,246.982,937.433,1,4,16,129690600474845
6,/workspace/dmeyer/data/kernel,257961616,14766481,33370,6191078784,113.761,55935,154627561,146.87,1250.04,1,4,16,129690600474845
0,/workspace/dmeyer/data/kernel,257961616,11606106,171835,13487700,274.879,401294,107321002,386.768,1134.52,1,4,16,129690452753494
9,/workspace/dmeyer/data/kernel,257961616,11591723,195178,6191078784,215.73,205481,59651147,271.767,955.337,1,4,16,129690600474845
12,/workspace/dmeyer/data/kernel,257961616,14138615,141077,6191078784,194.261,154190,76755327,247.202,964.754,1,4,16,129690600474845
8,/workspace/dmeyer/data/kernel,257961616,9204032,33105,6191078784,165.171,75020,194642944,234.756,1488.44,1,4,8,129690600474845
1,/workspace/dmeyer/data/kernel,257961616,8450562,37199,6191078784,269.07,63439,108814130,360.118,1149.81,1,4,8,129690600474845
4,/workspace/dmeyer/data/kernel,257961616,9211973,34373,6191078784,163.843,76536,195167421,239.163,1486.91,1,4,8,129690600474845
5,/workspace/dmeyer/data/kernel,257961616,9211973,33463,6191078784,162.934,75651,195167421,238.668,1481.72,1,4,8,129690600474845
7,/workspace/dmeyer/data/kernel,257961616,11309782,33346,6191078784,236.048,63932,134025150,325.588,1127.75,1,4,8,129690600474845
6,/workspace/dmeyer/data/kernel,257961616,11937648,33347,6191078784,153.521,76527,211897384,221.807,1420.23,1,4,8,129690600474845
0,/workspace/dmeyer/data/kernel,257961616,10120322,176370,22228968,282.19,544490,148729314,412.554,1235.75,1,4,8,129690452753494
9,/workspace/dmeyer/data/kernel,257961616,8450562,209907,6191078784,262.893,236356,108814130,358.945,1150.55,1,4,8,129690600474845
12,/workspace/dmeyer/data/kernel,257961616,11309782,154275,6191078784,236.534,184885,134025150,328.153,1142.36,1,4,8,129690600474845
8,/workspace/dmeyer/data/kernel,257961616,9204032,33376,6191078784,164.307,75380,194642944,237.316,1509.43,1,4,4,129690600474845
1,/workspace/dmeyer/data/kernel,257961616,8450562,37628,6191078784,268.876,63938,108814130,362.73,1154.89,1,4,4,129690600474845
4,/workspace/dmeyer/data/kernel,257961616,9211973,34413,6191078784,168.184,76505,195167421,234.948,1524.13,1,4,4,129690600474845
5,/workspace/dmeyer/data/kernel,257961616,9211973,33514,6191078784,166.889,75606,195167421,235.055,1511.55,1,4,4,129690600474845
7,/workspace/dmeyer/data/kernel,257961616,11309782,33407,6191078784,233.483,64078,134025150,339.465,1132.55,1,4,4,129690600474845
6,/workspace/dmeyer/data/kernel,257961616,11937648,33377,6191078784,149.525,76824,211897384,235.059,1421.57,1,4,4,129690600474845
0,/workspace/dmeyer/data/kernel,257961616,8486171,177205,34775364,311.955,758392,203901683,471.935,1334.69,1,4,4,129690452753494
9,/workspace/dmeyer/data/kernel,257961616,8450562,209353,6191078784,260.351,235531,108814130,353.936,1144.88,1,4,4,129690600474845
12,/workspace/dmeyer/data/kernel,257961616,11309782,153300,6191078784,231.585,183824,134025150,325.315,1123.42,1,4,4,129690600474845
8,/workspace/dmeyer/data/kernel,257961616,11307453,33352,6191078784,158.612,79235,256594245,226.949,1716.71,1,2,16,129690600474845
1,/workspace/dmeyer/data/kernel,257961616,9692428,40788,6191078784,367.494,57186,83947372,490.937,1398.04,1,2,16,129690600474845
4,/workspace/dmeyer/data/kernel,257961616,11290916,34465,6191078784,160.119,80574,257095380,227.522,1706.68,1,2,16,129690600474845
5,/workspace/dmeyer/data/kernel,257961616,11290916,33376,6191078784,171.663,79497,257095380,227.237,1719.52,1,2,16,129690600474845
7,/workspace/dmeyer/data/kernel,257961616,12268386,33283,6191078784,321.879,54240,109217090,470.053,1402.11,1,2,16,129690600474845
6,/workspace/dmeyer/data/kernel,257961616,13729928,33335,6191078784,148.753,79611,271389624,225.243,1664.62,1,2,16,129690600474845
0,/workspace/dmeyer/data/kernel,257961616,9719322,320234,17377896,477.172,630081,112687338,702.489,1531.31,1,2,16,129690452753494
9,/workspace/dmeyer/data/kernel,257961616,9692428,379240,6191078784,358.347,395610,83947372,489.769,1395.07,1,2,16,129690600474845
12,/workspace/dmeyer/data/kernel,257961616,12268386,274615,6191078784,325.573,295647,109217090,473.014,1398.15,1,2,16,129690600474845
8,/workspace/dmeyer/data/kernel,257961616,9543067,34520,6191078784,197.595,99388,291304547,320.679,1879.65,1,2,8,129690600474845
1,/workspace/dmeyer/data/kernel,257961616,7944005,40955,6191078784,408.439,69213,119122581,612.756,1575.43,1,2,8,129690600474845
4,/workspace/dmeyer/data/kernel,257961616,9542212,36503,6191078784,204.61,101958,292272060,323.629,1884.99,1,2,8,129690600474845
5,/workspace/dmeyer/data/kernel,257961616,9542212,35476,6191078784,203.227,100930,292272060,323.311,1894.47,1,2,8,129690600474845
7,/workspace/dmeyer/data/kernel,257961616,10991854,33343,6191078784,363.633,67188,150992326,587.321,1565.63,1,2,8,129690600474845
6,/workspace/dmeyer/data/kernel,257961616,12453396,33394,6191078784,194.154,98924,313164860,312.886,1837.86,1,2,8,129690600474845
0,/workspace/dmeyer/data/kernel,257961616,7988483,324311,27742680,509.152,825481,158791355,786.589,1735.66,1,2,8,129690452753494
9,/workspace/dmeyer/data/kernel,257961616,7944005,392177,6191078784,397.921,420501,119122581,610.945,1554.75,1,2,8,129690600474845
12,/workspace/dmeyer/data/kernel,257961616,10991854,285705,6191078784,358.151,319673,150992326,591.982,1566.44,1,2,8,129690600474845
8,/workspace/dmeyer/data/kernel,257961616,7501661,33555,6191078784,268.873,132561,344540485,482.137,2101.64,1,2,4,129690600474845
1,/workspace/dmeyer/data/kernel,257961616,5920328,41412,6191078784,479.516,92992,173792896,782.282,1823.31,1,2,4,129690600474845
4,/workspace/dmeyer/data/kernel,257961616,7518459,35172,6191078784,266.642,136011,346938595,493.02,2130.58,1,2,4,129690600474845
5,/workspace/dmeyer/data/kernel,257961616,7518459,34224,6191078784,266.675,134903,346938595,492.236,2121.14,1,2,4,129690600474845
7,/workspace/dmeyer/data/kernel,257961616,9786370,33571,6191078784,419.468,89755,217783730,728.671,1735.81,1,2,4,129690600474845
6,/workspace/dmeyer/data/kernel,257961616,11247912,33605,6191078784,237.643,130839,379956264,449.856,1959.7,1,2,4,129690600474845
0,/workspace/dmeyer/data/kernel,257961616,5991652,329069,38414112,551.758,1134976,219264260,894.051,1988.68,1,2,4,129690452753494
9,/workspace/dmeyer/data/kernel,257961616,5920328,408402,6191078784,498.652,460056,173792896,816.602,1893.61,1,2,4,129690600474845
12,/workspace/dmeyer/data/kernel,257961616,9786370,300786,6191078784,420.33,357333,217783730,742.194,1762.4,1,2,4,129690600474845
13,/workspace/dmeyer/data/einstein.en.txt,467626544,0,8904,0,1053.34,8904,0,867.954,2578.72,1,1,0,234814812061548
13,/workspace/dmeyer/data/einstein.en.txt,467626544,0,8908,0,1087.28,8908,0,836.971,2679.28,1,2,0,234814812061548
8,/workspace/dmeyer/data/einstein.en.txt,467626544,4996043,74281,11223037056,119.179,84690,48900917,235.765,730.348,1,16,16,234814812061548
1,/workspace/dmeyer/data/einstein.en.txt,467626544,4905535,78454,11223037056,126.042,88603,47941545,239.701,727.947,1,16,16,234814812061548
4,/workspace/dmeyer/data/einstein.en.txt,467626544,4905535,75671,11223037056,118.749,85804,47941545,236.077,720.764,1,16,16,234814812061548
5,/workspace/dmeyer/data/einstein.en.txt,467626544,4905535,74310,11223037056,118.589,84460,47941545,237.281,722.276,1,16,16,234814812061548
7,/workspace/dmeyer/data/einstein.en.txt,467626544,7337637,74372,11223037056,113.617,89507,73645103,234.184,758.293,1,16,16,234814812061548
6,/workspace/dmeyer/data/einstein.en.txt,467626544,7337637,74196,11223037056,112.653,89343,73645103,230.495,765.403,1,16,16,234814812061548
0,/workspace/dmeyer/data/einstein.en.txt,467626544,4914757,194286,6046872,147.246,299339,81323150,247.681,781.006,1,16,16,234814424474109
9,/workspace/dmeyer/data/einstein.en.txt,467626544,4905535,198598,11223037056,118.847,208739,47941545,240.591,744.647,1,16,16,234814812061548
12,/workspace/dmeyer/data/einstein.en.txt,467626544,7337637,141958,11223037056,113,156974,73645103,233.639,772.291,1,16,16,234814812061548
8,/workspace/dmeyer/data/einstein.en.txt,467626544,2173137,73488,11223037056,166.584,98284,73494721,281.722,839.901,1,16,8,234814812061548
1,/workspace/dmeyer/data/einstein.en.txt,467626544,2113963,77092,11223037056,171.319,101373,72135251,287.958,844.485,1,16,8,234814812061548
4,/workspace/dmeyer/data/einstein.en.txt,467626544,2113963,74522,11223037056,166.89,98755,72135251,282.342,839.891,1,16,8,234814812061548
5,/workspace/dmeyer/data/einstein.en.txt,467626544,2113963,73511,11223037056,164.51,97718,72135251,282.455,856.829,1,16,8,234814812061548
7,/workspace/dmeyer/data/einstein.en.txt,467626544,3175981,73148,11223037056,159.176,110136,109136221,282.637,869.502,1,16,8,234814812061548
6,/workspace/dmeyer/data/einstein.en.txt,467626544,3175981,74042,11223037056,158.207,111014,109136221,276.753,867.599,1,16,8,234814812061548
0,/workspace/dmeyer/data/einstein.en.txt,467626544,3417950,204245,7303500,172.282,334021,88810984,278.996,804.005,1,16,8,234814424474109
9,/workspace/dmeyer/data/einstein.en.txt,467626544,2113963,212356,11223037056,163.832,236570,72135251,282.555,844.17,1,16,8,234814812061548
12,/workspace/dmeyer/data/einstein.en.txt,467626544,3175981,155539,11223037056,160.145,192577,109136221,275.534,882.087,1,16,8,234814812061548
8,/workspace/dmeyer/data/einstein.en.txt,467626544,2173137,72554,11223037056,166.424,97305,73494721,282.829,832.981,1,16,4,234814812061548
1,/workspace/dmeyer/data/einstein.en.txt,467626544,2113963,76681,11223037056,171.111,100866,72135251,284.836,841.525,1,16,4,234814812061548
4,/workspace/dmeyer/data/einstein.en.txt,467626544,2113963,73906,11223037056,163.691,98084,72135251,281.145,827.547,1,16,4,234814812061548
5,/workspace/dmeyer/data/einstein.en.txt,467626544,2113963,72949,11223037056,164.042,97131,72135251,281.856,832.13,1,16,4,234814812061548
7,/workspace/dmeyer/data/einstein.en.txt,467626544,3175981,72692,11223037056,158.992,109578,109136221,278.805,880.505,1,16,4,234814812061548
6,/workspace/dmeyer/data/einstein.en.txt,467626544,3175981,72652,11223037056,157.919,109521,109136221,273.477,877.85,1,16,4,234814812061548
0,/workspace/dmeyer/data/einstein.en.txt,467626544,2622086,195326,8990376,178.708,360306,98101472,286.065,854.525,1,16,4,234814424474109
9,/workspace/dmeyer/data/einstein.en.txt,467626544,2113963,212568,11223037056,163.339,236765,72135251,282.545,825.177,1,16,4,234814812061548
12,/workspace/dmeyer/data/einstein.en.txt,467626544,3175981,155408,11223037056,157.966,192344,109136221,276.576,890.228,1,16,4,234814812061548
8,/workspace/dmeyer/data/einstein.en.txt,467626544,2235361,72120,11223037056,162.559,83737,42043441,278.452,754.45,1,8,16,234814812061548
1,/workspace/dmeyer/data/einstein.en.txt,467626544,2202727,76996,11223037056,182.654,88560,39951989,307.668,725.239,1,8,16,234814812061548
4,/workspace/dmeyer/data/einstein.en.txt,467626544,2202452,73584,11223037056,160.396,85036,41303492,281,753.047,1,8,16,234814812061548
5,/workspace/dmeyer/data/einstein.en.txt,467626544,2202452,72338,11223037056,160.361,83785,41303492,280.917,755.683,1,8,16,234814812061548
7,/workspace/dmeyer/data/einstein.en.txt,467626544,3376234,72247,11223037056,169.887,90767,64446072,292.818,790.106,1,8,16,234814812061548
6,/workspace/dmeyer/data/einstein.en.txt,467626544,3375834,73472,11223037056,152.392,91755,65788042,266.337,827.438,1,8,16,234814812061548
0,/workspace/dmeyer/data/einstein.en.txt,467626544,3023247,241380,4371504,202.003,321239,57619410,334.994,747.81,1,8,16,234814424474109
9,/workspace/dmeyer/data/einstein.en.txt,467626544,2202727,282232,11223037056,171.998,293812,39951989,300.979,705.34,1,8,16,234814812061548
12,/workspace/dmeyer/data/einstein.en.txt,467626544,3376234,197959,11223037056,166.11,216492,64446072,286.879,787.471,1,8,16,234814812061548
8,/workspace/dmeyer/data/einstein.en.txt,467626544,2235361,74021,11223037056,160.638,85639,42043441,279.256,737.825,1,8,8,234814812061548
1,/workspace/dmeyer/data/einstein.en.txt,467626544,2202727,78711,11223037056,181.133,90288,39951989,305.565,708.237,1,8,8,234814812061548
4,/workspace/dmeyer/data/einstein.en.txt,467626544,2202452,74020,11223037056,158.813,85473,41303492,280.926,743.9,1,8,8,234814812061548
5,/workspace/dmeyer/data/einstein.en.txt,467626544,2202452,74318,11223037056,158.741,85771,41303492,280.08,738.202,1,8,8,234814812061548
7,/workspace/dmeyer/data/einstein.en.txt,467626544,3376234,73815,11223037056,169.008,92333,64446072,292.212,775.411,1,8,8,234814812061548
6,/workspace/dmeyer/data/einstein.en.txt,467626544,3375834,72630,11223037056,151.766,90942,65788042,265.938,806.871,1,8,8,234814812061548
0,/workspace/dmeyer/data/einstein.en.txt,467626544,2211815,248131,5339748,207.961,347644,63246506,335.435,787.708,1,8,8,234814424474109
9,/workspace/dmeyer/data/einstein.en.txt,467626544,2202727,282139,11223037056,171.186,293720,39951989,301.979,706.982,1,8,8,234814812061548
12,/workspace/dmeyer/data/einstein.en.txt,467626544,3376234,198372,11223037056,163.863,216892,64446072,287.013,762.587,1,8,8,234814812061548
8,/workspace/dmeyer/data/einstein.en.txt,467626544,1506437,73785,11223037056,204.207,93034,57708171,328.392,880.974,1,8,4,234814812061548
1,/workspace/dmeyer/data/einstein.en.txt,467626544,1487535,77848,11223037056,226.276,96977,55509835,357.258,842.732,1,8,4,234814812061548
4,/workspace/dmeyer/data/einstein.en.txt,467626544,1487260,74501,11223037056,203.76,93438,56861338,330.757,891.356,1,8,4,234814812061548
5,/workspace/dmeyer/data/einstein.en.txt,467626544,1487260,73423,11223037056,204.333,92379,56861338,332.49,888.581,1,8,4,234814812061548
7,/workspace/dmeyer/data/einstein.en.txt,467626544,2389798,73203,11223037056,209.284,103298,86724130,342.75,920.409,1,8,4,234814812061548
6,/workspace/dmeyer/data/einstein.en.txt,467626544,2389398,73138,11223037056,192.382,102932,88066100,316.329,955.865,1,8,4,234814812061548
0,/workspace/dmeyer/data/einstein.en.txt,467626544,1790615,238107,6706020,213.626,365452,71417922,339.966,841.031,1,8,4,234814424474109
9,/workspace/dmeyer/data/einstein.en.txt,467626544,1487535,297996,11223037056,215.572,317110,55509835,354.965,851.957,1,8,4,234814812061548
12,/workspace/dmeyer/data/einstein.en.txt,467626544,2389798,213074,11223037056,206.18,243157,86724130,338.517,930.097,1,8,4,234814812061548
8,/workspace/dmeyer/data/einstein.en.txt,467626544,1948039,72535,11223037056,182.07,80967,34927781,326.647,795.69,1,4,16,234814812061548
1,/workspace/dmeyer/data/einstein.en.txt,467626544,1890898,79127,11223037056,230.194,87106,30206932,387.466,773.38,1,4,16,234814812061548
4,/workspace/dmeyer/data/einstein.en.txt,467626544,1914683,73813,11223037056,182.607,82252,34708425,330.992,792.838,1,4,16,234814812061548
5,/workspace/dmeyer/data/einstein.en.txt,467626544,1914683,73080,11223037056,183.127,81516,34708425,329.841,794.205,1,4,16,234814812061548
7,/workspace/dmeyer/data/einstein.en.txt,467626544,2998478,74162,11223037056,210.167,87087,49419688,358.926,828.853,1,4,16,234814812061548
6,/workspace/dmeyer/data/einstein.en.txt,467626544,2998616,72537,11223037056,178.687,85197,52181646,307.215,858.436,1,4,16,234814812061548
0,/workspace/dmeyer/data/einstein.en.txt,467626544,1898121,334469,3507828,263.234,401006,43065574,435.505,834.412,1,4,16,234814424474109
9,/workspace/dmeyer/data/einstein.en.txt,467626544,1890898,385300,11223037056,219.289,393280,30206932,379.239,774.478,1,4,16,234814812061548
12,/workspace/dmeyer/data/einstein.en.txt,467626544,2998478,270585,11223037056,205.734,283565,49419688,356.038,832.59,1,4,16,234814812061548
8,/workspace/dmeyer/data/einstein.en.txt,467626544,1286567,73289,11223037056,217.893,85816,41742835,380.353,893.512,1,4,8,234814812061548
1,/workspace/dmeyer/data/einstein.en.txt,467626544,1251250,80672,11223037056,269.61,92634,36956386,440.458,866.162,1,4,8,234814812061548
4,/workspace/dmeyer/data/einstein.en.txt,467626544,1275028,74551,11223037056,219.16,87075,41459240,382.591,893.994,1,4,8,234814812061548
5,/workspace/dmeyer/data/einstein.en.txt,467626544,1275028,73372,11223037056,218.291,85877,41459240,382.206,889.602,1,4,8,234814812061548
7,/workspace/dmeyer/data/einstein.en.txt,467626544,1964555,73376,11223037056,245.809,92662,59821707,410.674,944.713,1,4,8,234814812061548
6,/workspace/dmeyer/data/einstein.en.txt,467626544,1964693,74443,11223037056,212.471,93446,62583665,358.44,991.766,1,4,8,234814812061548
0,/workspace/dmeyer/data/einstein.en.txt,467626544,1481794,341443,4361544,290.289,425964,47836432,469.277,898.183,1,4,8,234814424474109
9,/workspace/dmeyer/data/einstein.en.txt,467626544,1251250,400160,11223037056,257.188,412108,36956386,436.34,871.22,1,4,8,234814812061548
12,/workspace/dmeyer/data/einstein.en.txt,467626544,1964555,283243,11223037056,243.457,302588,59821707,413.711,954.69,1,4,8,234814812061548
8,/workspace/dmeyer/data/einstein.en.txt,467626544,1286567,73008,11223037056,217.218,85508,41742835,378.911,899.002,1,4,4,234814812061548
1,/workspace/dmeyer/data/einstein.en.txt,467626544,1251250,79852,11223037056,267.738,91798,36956386,438.363,868.221,1,4,4,234814812061548
4,/workspace/dmeyer/data/einstein.en.txt,467626544,1275028,74364,11223037056,221.77,86865,41459240,383.25,906.091,1,4,4,234814812061548
5,/workspace/dmeyer/data/einstein.en.txt,467626544,1275028,74058,11223037056,218.998,86555,41459240,383.159,903.176,1,4,4,234814812061548
7,/workspace/dmeyer/data/einstein.en.txt,467626544,1964555,73840,11223037056,244.379,93134,59821707,412.721,956.052,1,4,4,234814812061548
6,/workspace/dmeyer/data/einstein.en.txt,467626544,1964693,73200,11223037056,211.999,92221,62583665,358.604,994.222,1,4,4,234814812061548
0,/workspace/dmeyer/data/einstein.en.txt,467626544,1261146,334814,5575908,300.833,443595,53595200,474.526,967.439,1,4,4,234814424474109
9,/workspace/dmeyer/data/einstein.en.txt,467626544,1251250,397970,11223037056,257.242,409919,36956386,437.448,872.711,1,4,4,234814812061548
12,/workspace/dmeyer/data/einstein.en.txt,467626544,1964555,282774,11223037056,241.61,302068,59821707,414.298,956.232,1,4,4,234814812061548
8,/workspace/dmeyer/data/einstein.en.txt,467626544,1392076,72963,11223037056,263.506,85022,43035554,456.548,1052.61,1,2,16,234814812061548
1,/workspace/dmeyer/data/einstein.en.txt,467626544,1240509,84619,11223037056,400.749,93596,30266607,626.58,1111.62,1,2,16,234814812061548
4,/workspace/dmeyer/data/einstein.en.txt,467626544,1360903,74238,11223037056,267.863,86442,42903981,466.343,1064.31,1,2,16,234814812061548
5,/workspace/dmeyer/data/einstein.en.txt,467626544,1360903,73805,11223037056,269.763,86040,42903981,467.679,1066.27,1,2,16,234814812061548
7,/workspace/dmeyer/data/einstein.en.txt,467626544,2057796,73114,11223037056,338.868,87789,51957584,565.09,1155.75,1,2,16,234814812061548
6,/workspace/dmeyer/data/einstein.en.txt,467626544,2117062,73654,11223037056,250.938,89614,59391492,436.451,1140.68,1,2,16,234814812061548
0,/workspace/dmeyer/data/einstein.en.txt,467626544,1248057,625754,3700128,480.448,697757,36729758,761.383,1159.94,1,2,16,234814424474109
9,/workspace/dmeyer/data/einstein.en.txt,467626544,1240509,757454,11223037056,392.733,766433,30266607,622.348,1105.7,1,2,16,234814812061548
12,/workspace/dmeyer/data/einstein.en.txt,467626544,2057796,521614,11223037056,346.833,536657,51957584,564.457,1173.08,1,2,16,234814812061548
8,/workspace/dmeyer/data/einstein.en.txt,467626544,1158855,74045,11223037056,294.817,88565,46746195,500.285,1150.3,1,2,8,234814812061548
1,/workspace/dmeyer/data/einstein.en.txt,467626544,1022798,84731,11223037056,431.16,95847,33952646,669.263,1189.94,1,2,8,234814812061548
4,/workspace/dmeyer/data/einstein.en.txt,467626544,1143191,74359,11223037056,301.998,88908,46589219,504.764,1154.35,1,2,8,234814812061548
5,/workspace/dmeyer/data/einstein.en.txt,467626544,1143191,73160,11223037056,301.79,87701,46589219,507.635,1163.16,1,2,8,234814812061548
7,/workspace/dmeyer/data/einstein.en.txt,467626544,1675131,73076,11223037056,370.036,91061,57745661,609.606,1260.15,1,2,8,234814812061548
6,/workspace/dmeyer/data/einstein.en.txt,467626544,1734397,72973,11223037056,276.097,92351,65179569,474.986,1255.63,1,2,8,234814812061548
0,/workspace/dmeyer/data/einstein.en.txt,467626544,1031978,625875,4683864,512.327,718851,41132656,800.661,1240.91,1,2,8,234814424474109
9,/workspace/dmeyer/data/einstein.en.txt,467626544,1022798,776993,11223037056,420.33,787953,33952646,664.084,1183.44,1,2,8,234814812061548
12,/workspace/dmeyer/data/einstein.en.txt,467626544,1675131,535912,11223037056,372.528,554052,57745661,611.267,1279.33,1,2,8,234814812061548
8,/workspace/dmeyer/data/einstein.en.txt,467626544,992077,74669,11223037056,326.047,91810,51660799,536.923,1267.26,1,2,4,234814812061548
1,/workspace/dmeyer/data/einstein.en.txt,467626544,864258,84717,11223037056,473.56,98130,38908264,706.275,1287.61,1,2,4,234814812061548
4,/workspace/dmeyer/data/einstein.en.txt,467626544,984659,74373,11223037056,337.407,91655,51545613,543.912,1265.61,1,2,4,234814812061548
5,/workspace/dmeyer/data/einstein.en.txt,467626544,984659,73336,11223037056,337.544,90659,51545613,544.316,1268,1,2,4,234814812061548
7,/workspace/dmeyer/data/einstein.en.txt,467626544,1493364,73398,11223037056,399.804,94762,64846444,650.144,1376.29,1,2,4,234814812061548
6,/workspace/dmeyer/data/einstein.en.txt,467626544,1552630,74859,11223037056,302.525,97722,72280352,510.499,1356.99,1,2,4,234814812061548
0,/workspace/dmeyer/data/einstein.en.txt,467626544,875851,626121,5894568,546.793,750078,46514690,841.603,1372.31,1,2,4,234814424474109
9,/workspace/dmeyer/data/einstein.en.txt,467626544,864258,789482,11223037056,454.924,802899,38908264,703.776,1282.81,1,2,4,234814812061548
12,/workspace/dmeyer/data/einstein.en.txt,467626544,1493364,551617,11223037056,401.959,573203,64846444,646.966,1396.05,1,2,4,234814812061548
13,/workspace/dmeyer/data/cere,461286644,0,8855,0,1040.71,8855,0,936.499,2292.45,1,1,0,244311453819060
13,/workspace/dmeyer/data/cere,461286644,0,8864,0,1086.77,8864,0,979.237,2421.25,1,2,0,244311453819060
8,/workspace/dmeyer/data/cere,461286644,89872090,71709,11070879456,158.446,73387,105352446,282.151,1057.32,1,16,16,244311453819060
1,/workspace/dmeyer/data/cere,461286644,89852359,78322,11070879456,184.313,79996,104614629,301.321,1003.73,1,16,16,244311453819060
4,/workspace/dmeyer/data/cere,461286644,89868098,73645,11070879456,157.856,75315,105368094,277.77,1060.17,1,16,16,244311453819060
5,/workspace/dmeyer/data/cere,461286644,89868098,71597,11070879456,156.785,73267,105368094,275.799,1055.6,1,16,16,244311453819060
7,/workspace/dmeyer/data/cere,461286644,140767905,71803,11070879456,180.072,73630,157745623,306.61,996.494,1,16,16,244311453819060
6,/workspace/dmeyer/data/cere,461286644,140766932,72013,11070879456,159.511,73830,158458560,282.597,1057.32,1,16,16,244311453819060
0,/workspace/dmeyer/data/cere,461286644,35971757,279485,81041640,156.073,307648,82194988,279.086,769.542,1,16,16,244310980227911
9,/workspace/dmeyer/data/cere,461286644,89852359,255855,11070879456,178.179,257487,104614629,306.125,1000.55,1,16,16,244311453819060
12,/workspace/dmeyer/data/cere,461286644,140767905,183781,11070879456,182.858,185596,157745623,300.732,1004.5,1,16,16,244311453819060
8,/workspace/dmeyer/data/cere,461286644,36277338,70715,11070879456,272.064,79142,90821200,457.499,1047.8,1,16,8,244311453819060
1,/workspace/dmeyer/data/cere,461286644,36290411,79320,11070879456,269.595,87759,90148259,478.3,959.102,1,16,8,244311453819060
4,/workspace/dmeyer/data/cere,461286644,36297610,74986,11070879456,250.317,83460,90898424,452.753,1022.07,1,16,8,244311453819060
5,/workspace/dmeyer/data/cere,461286644,36297610,73517,11070879456,251.82,81991,90898424,453.091,1030.15,1,16,8,244311453819060
7,/workspace/dmeyer/data/cere,461286644,53575491,71461,11070879456,296.188,83212,133129283,495.407,994.257,1,16,8,244311453819060
6,/workspace/dmeyer/data/cere,461286644,53574518,71313,11070879456,274.325,83067,133842220,469.784,1050.21,1,16,8,244311453819060
0,/workspace/dmeyer/data/cere,461286644,26815013,304140,109315116,159.394,345150,86510084,295.8,851.371,1,16,8,244310980227911
9,/workspace/dmeyer/data/cere,461286644,36290411,315084,11070879456,268.735,323524,90148259,479.618,966.072,1,16,8,244311453819060
12,/workspace/dmeyer/data/cere,461286644,53575491,245346,11070879456,313.485,257102,133129283,500.193,1012.52,1,16,8,244311453819060
8,/workspace/dmeyer/data/cere,461286644,36277338,70355,11070879456,270.951,78775,90821200,457.263,1050.11,1,16,4,244311453819060
1,/workspace/dmeyer/data/cere,461286644,36290411,79076,11070879456,268.416,87516,90148259,480.571,960.157,1,16,4,244311453819060
4,/workspace/dmeyer/data/cere,461286644,36297610,74607,11070879456,248.297,83079,90898424,455.993,1033.18,1,16,4,244311453819060
5,/workspace/dmeyer/data/cere,461286644,36297610,73107,11070879456,269.466,81562,90898424,457.39,1047.47,1,16,4,244311453819060
7,/workspace/dmeyer/data/cere,461286644,53575491,71024,11070879456,310.914,82758,133129283,501.94,1014.34,1,16,4,244311453819060
6,/workspace/dmeyer/data/cere,461286644,53574518,72697,11070879456,283.931,84421,133842220,471.757,1060.2,1,16,4,244311453819060
0,/workspace/dmeyer/data/cere,461286644,23167237,311800,147531048,167.604,369810,98895596,322.42,923.135,1,16,4,244310980227911
9,/workspace/dmeyer/data/cere,461286644,36290411,315369,11070879456,290.274,323786,90148259,473.445,978.261,1,16,4,244311453819060
12,/workspace/dmeyer/data/cere,461286644,53575491,245316,11070879456,328.763,257046,133129283,495.072,1024.34,1,16,4,244311453819060
8,/workspace/dmeyer/data/cere,461286644,42779935,69394,11070879456,192.511,74591,79761667,302.46,1163.12,1,8,16,244311453819060
1,/workspace/dmeyer/data/cere,461286644,40933005,78109,11070879456,237.54,82429,65927205,349.407,903.768,1,8,16,244311453819060
4,/workspace/dmeyer/data/cere,461286644,42781930,71408,11070879456,192.676,76609,79810230,299.237,1145.24,1,8,16,244311453819060
5,/workspace/dmeyer/data/cere,461286644,42781930,69499,11070879456,191.861,74704,79810230,303.55,1151.98,1,8,16,244311453819060
7,/workspace/dmeyer/data/cere,461286644,64420994,69616,11070879456,249.084,75454,100054370,371.519,926.017,1,8,16,244311453819060
6,/workspace/dmeyer/data/cere,461286644,64861831,69473,11070879456,199.387,75726,109444067,309.517,1135.89,1,8,16,244311453819060
0,/workspace/dmeyer/data/cere,461286644,24639382,358195,62736792,178.617,384968,62385876,323.039,817.171,1,8,16,244310980227911
9,/workspace/dmeyer/data/cere,461286644,40933005,384226,11070879456,231.543,388567,65927205,359.035,909.854,1,8,16,244311453819060
12,/workspace/dmeyer/data/cere,461286644,64420994,276695,11070879456,250.941,282552,100054370,379.955,921.523,1,8,16,244311453819060
8,/workspace/dmeyer/data/cere,461286644,42779935,68889,11070879456,189.43,74141,79761667,305.966,1146.08,1,8,8,244311453819060
1,/workspace/dmeyer/data/cere,461286644,40933005,77747,11070879456,225.547,82082,65927205,360.978,901.142,1,8,8,244311453819060
4,/workspace/dmeyer/data/cere,461286644,42781930,71160,11070879456,188.461,76414,79810230,302.161,1145.78,1,8,8,244311453819060
5,/workspace/dmeyer/data/cere,461286644,42781930,69216,11070879456,189.869,74474,79810230,304.393,1144.9,1,8,8,244311453819060
7,/workspace/dmeyer/data/cere,461286644,64420994,69316,11070879456,259.185,75170,100054370,371.231,942.084,1,8,8,244311453819060
6,/workspace/dmeyer/data/cere,461286644,64861831,70590,11070879456,201.986,76877,109444067,317.175,1140.51,1,8,8,244311453819060
0,/workspace/dmeyer/data/cere,461286644,19708862,378048,84413952,180.962,415972,68386180,338.792,880.534,1,8,8,244310980227911
9,/workspace/dmeyer/data/cere,461286644,40933005,383233,11070879456,224.842,387549,65927205,352.564,897.024,1,8,8,244311453819060
12,/workspace/dmeyer/data/cere,461286644,64420994,277262,11070879456,238.144,283092,100054370,374.09,908.574,1,8,8,244311453819060
8,/workspace/dmeyer/data/cere,461286644,23091044,71590,11070879456,255.178,82212,85253090,524.164,1363.22,1,8,4,244311453819060
1,/workspace/dmeyer/data/cere,461286644,21418054,80669,11070879456,291.389,90262,71383064,584.725,1116.47,1,8,4,244311453819060
4,/workspace/dmeyer/data/cere,461286644,23105274,74109,11070879456,260.056,84651,85309600,525.562,1370.99,1,8,4,244311453819060

